"pairId:INTEGER","amzn.id:INTEGER","bnn.id:INTEGER","amzn.ISBN_13:TEXT","amzn.Title:TEXT","amzn.Author:TEXT","amzn.Price:FLOAT","amzn.Publisher:TEXT","amzn.Publication_date:TEXT","amzn.Pages:INTEGER","bnn.ISBN_13:TEXT","bnn.Title:TEXT","bnn.Author:TEXT","bnn.Price:FLOAT","bnn.Publisher:TEXT","bnn.Publication_date:TEXT","bnn.Pages:INTEGER"
"3","12","444","9780374187613","Lila: A Novel","Marilynne Robinson","15.6","Farrar, Straus and Giroux","10/07/2014","272","9780374187613","Lila","Marilynne Robinson","15.99","Farrar, Straus and Giroux","10/07/2014","272"
"9","27","1201","9780316211048","Burn (Michael Bennett)","James Patterson","16.8","Little, Brown and Company","09/29/2014","432","9780316228596","The Casual Vacancy","J. K. Rowling","8.5","Little, Brown and Company","09/30/2014","656"
"10","27","2114","9780316211048","Burn (Michael Bennett)","James Patterson","16.8","Little, Brown and Company","09/29/2014","432","9780316370134","Neverhome","Laird Hunt","19.99","Little, Brown and Company","09/09/2014","256"
"13","34","1488","9780446547635","The Best of Me","Nicholas Sparks","7.2","Grand Central Publishing","03/26/2013","368","9780446547635","The Best of Me","Nicholas Sparks","6.39","Grand Central Publishing","03/26/2013","368"
"14","41","1496","9781607065968","The Walking Dead: Compendium Two","Robert Kirkman","39.26","Image Comics","10/16/2012","1068","9781607065937","The Walking Dead, Book Eight","Robert Kirkman","23.26","Image Comics","10/02/2012","336"
"16","42","1766","9781476728209","The Mistletoe Promise","Richard Paul Evans","13.48","Simon & Schuster","11/18/2014","272","9781476728209","The Mistletoe Promise","Richard Paul Evans","13.74","Simon & Schuster","11/18/2014","272"
"18","55","1004","9781439138335","Nora Webster: A Novel","Colm Toibin","16.2","Scribner","10/07/2014","384","9781439138335","Nora Webster","Colm Toibin","16.6","Scribner","10/07/2014","384"
"20","70","2019","9781476792484","After (The After Series)","Anna Todd","9.6","Gallery Books","10/21/2014","592","9781476792484","After","Anna Todd","10.0","Gallery Books","10/21/2014","592"
"22","87","2477","9781476754451","Mr. Mercedes: A Novel","Stephen King","18.0","Scribner","06/03/2014","448","9781451661545","The Silver Star","Jeannette Walls","10.62","Scribner","06/03/2014","304"
"24","103","1009","9780525427919","Wait for Signs: Twelve Longmire Stories","Craig Johnson","16.9","Viking Adult","10/21/2014","192","9780525427247","First Impressions: A Novel of Old Books, Unexpected Love, and Jane Austen","Charlie Lovett","19.45","Viking Adult","10/16/2014","320"
"27","107","1232","9781476756660","We Are Not Ourselves: A Novel","Matthew Thomas","16.8","Simon & Schuster","08/19/2014","640","9781476756660","We Are Not Ourselves","Matthew Thomas","17.22","Simon & Schuster","08/19/2014","640"
"31","123","1009","9780670026067","The Republic of Imagination: America in Three Books","Azar Nafisi","20.99","Viking Adult","10/21/2014","352","9780525427247","First Impressions: A Novel of Old Books, Unexpected Love, and Jane Austen","Charlie Lovett","19.45","Viking Adult","10/16/2014","320"
"33","123","1751","9780670026067","The Republic of Imagination: America in Three Books","Azar Nafisi","20.99","Viking Adult","10/21/2014","352","9780670026067","The Republic of Imagination: America in Three Books","Azar Nafisi","20.99","Viking Adult","10/21/2014","352"
"37","143","229","9781476748047","Zane's Addicted: A Novel","Zane","9.58","Atria Books","08/26/2014","336","9781476702995","The House We Grew Up In","Lisa Jewell","16.56","Atria Books","08/12/2014","400"
"38","143","1110","9781476748047","Zane's Addicted: A Novel","Zane","9.58","Atria Books","08/26/2014","336","9781476748047","Addicted: Every Woman Needs an Escape","Zane","9.67","Atria Books","08/26/2014","336"
"52","197","2329","9781250045645","Seventh Grave and No Body (Charley Davidson)","Darynda Jones","16.73","St. Martin's Press","10/21/2014","336","9781250045645","Seventh Grave and No Body (Charley Davidson Series #7)","Darynda Jones","16.73","St. Martin's Press","10/21/2014","336"
"54","201","123","9781455581122","Mean Streak","Sandra Brown","23.4","Grand Central Publishing","08/19/2014","416","9781455520091","A Love to Call Her Own","Marilyn Pappano","6.4","Grand Central Publishing","08/26/2014","400"
"62","219","2527","9780451469663","Only Enchanting: A Survivors' Club Novel","Mary Balogh","5.53","Signet","10/28/2014","400","9780451416315","One Potion in the Grave: A Magic Potion Mystery","Heather Blake","7.99","Signet","10/07/2014","336"
"64","222","1573","9781250010650","The Christmas Light","Donna VanLiere","13.48","St. Martin's Press","10/14/2014","224","9781250052001","Full Measure","T. Jefferson Parker","18.65","St. Martin's Press","10/07/2014","288"
"66","222","2329","9781250010650","The Christmas Light","Donna VanLiere","13.48","St. Martin's Press","10/14/2014","224","9781250045645","Seventh Grave and No Body (Charley Davidson Series #7)","Darynda Jones","16.73","St. Martin's Press","10/21/2014","336"
"70","246","519","9781455529780","Private Down Under","James Patterson","11.84","Grand Central Publishing","08/26/2014","384","9781455529285","Slow Satisfaction","Cecilia Tan","7.0","Grand Central Publishing","08/26/2014","336"
"73","254","2013","9781451698855","Doctor Sleep","Stephen King","13.6","Gallery Books","06/10/2014","560","9781476766669","Rusty Nailed (Cocktail Series #2)","Alice Clayton","11.07","Gallery Books","06/24/2014","320"
"75","258","551","9781455520640","The Longest Ride","Nicholas Sparks","13.5","Grand Central Publishing","05/06/2014","416","9781455582907","Still Life with Crows (Special Agent Pendergast Series #4)","Douglas Preston","7.3","Grand Central Publishing","05/27/2014","640"
"76","258","739","9781455520640","The Longest Ride","Nicholas Sparks","13.5","Grand Central Publishing","05/06/2014","416","9781455529858","Honeymoon","James Patterson","7.3","Grand Central Publishing","05/27/2014","416"
"78","258","3182","9781455520640","The Longest Ride","Nicholas Sparks","13.5","Grand Central Publishing","05/06/2014","416","9781455573073","The End of Always: A Novel","Randi Davenport","17.5","Grand Central Publishing","05/06/2014","336"
"80","270","1417","9780316376112","Winter Street","Elin Hilderbrand","22.5","Little, Brown and Company","10/14/2014","256","9780316376112","Winter Street","Elin Hilderbrand","16.25","Little, Brown and Company","10/14/2014","256"
"88","293","2575","9781250020055","The Perfect Witness: A Novel","Iris Johansen","19.01","St. Martin's Press","09/30/2014","352","9781250054531","Accused (Rosato & Associates Series #12)","Lisa Scottoline","12.28","St. Martin's Press","09/09/2014","384"
"91","309","1871","9780316246620","Ancillary Justice (Imperial Radch)","Ann Leckie","15.0","Orbit","10/01/2013","416","9780316246620","Ancillary Justice","Ann Leckie","11.99","Orbit","10/01/2013","416"
"92","325","1685","9781250027702","Betrayed: A Rosato & DiNunzio Novel","Lisa Scottoline","17.7","St. Martin's Press","11/25/2014","352","9781250027702","Betrayed (Rosato & Associates Series #13)","Lisa Scottoline","17.87","St. Martin's Press","11/25/2014","352"
"94","362","2034","9781476733951","Wool","Hugh Howey","11.22","Simon & Schuster","03/12/2013","528","9781476733951","Wool","Hugh Howey","11.75","Simon & Schuster","03/12/2013","508"
"95","363","1067","9780756408992","Closer to Home: Book One of Herald Spy (The Herald Spy)","Mercedes Lackey","16.41","DAW Hardcover","10/07/2014","368","9780756408992","Closer to Home: Book One of Herald Spy","Mercedes Lackey","16.73","DAW Hardcover","10/07/2014","368"
"99","397","350","9780451414717","A Midwinter's Tail: A Magical Cats Mystery","Sofie Kelly","6.0","Signet","10/07/2014","336","9780451468178","Rasputin's Shadow","Raymond Khoury","9.99","Signet","10/07/2014","528"
"102","401","1885","9780316246651","Ancillary Sword (Imperial Radch)","Ann Leckie","14.4","Orbit","10/07/2014","400","9780316246651","Ancillary Sword","Ann Leckie","14.32","Orbit","10/07/2014","400"
"103","408","2199","9780312429980","Wolf Hall","Hilary Mantel","9.07","Picador","08/31/2010","604","9780312429980","Wolf Hall","Hilary Mantel","9.16","Picador","08/31/2010","640"
"104","415","732","9780316230070","So We Read On: How The Great Gatsby Came to Be and Why It Endures","Maureen Corrigan","23.4","Little, Brown and Company","09/09/2014","352","9780316211048","Burn (Michael Bennett Series #7)","James Patterson","16.8","Little, Brown and Company","09/29/2014","432"
"109","431","2850","9780316211291","Unlucky 13 (Women's Murder Club)","James Patterson","28.0","Little, Brown and Company","05/05/2014","416","9780316230841","We Need New Names","NoViolet Bulawayo","11.99","Little, Brown and Company","05/20/2014","320"
"110","435","1789","9780544442788","Beowulf: A Translation and Commentary","Christopher Tolkien","17.71","Houghton Mifflin Harcourt","05/22/2014","448","9780544442788","Beowulf: A Translation and Commentary","J. R. R. Tolkien","18.43","Houghton Mifflin Harcourt","05/22/2014","448"
"111","441","3034","9780316405348","Invisible","James Patterson","16.8","Little, Brown and Company","06/23/2014","432","9780316405348","Invisible","James Patterson","16.8","Little, Brown and Company","06/23/2014","432"
"113","442","1810","9780316033978","To Rise Again at a Decent Hour: A Novel","Joshua Ferris","15.6","Little, Brown and Company","05/13/2014","352","9780316211277","Unlucky 13","James Patterson","22.5","Little, Brown and Company","05/05/2014","480"
"121","554","2314","9781455599738","Uganda Be Kidding Me","Chelsea Handler","27.0","Grand Central Publishing","03/04/2014","272","9781455599271","Fire Inside: A Chaos Novel","Kristen Ashley","6.35","Grand Central Publishing","03/25/2014","432"
"126","574","1636","9781455515813","Cross My Heart (Alex Cross)","James Patterson","14.4","Grand Central Publishing","09/30/2014","448","9781455556656","Moonlight Raider","Amanda Scott","6.8","Grand Central Publishing","09/30/2014","400"
"129","574","2948","9781455515813","Cross My Heart (Alex Cross)","James Patterson","14.4","Grand Central Publishing","09/30/2014","448","9781455551859","Ring in the Holidays","Katie Lane","5.1","Grand Central Publishing","09/30/2014","368"
"130","574","3100","9781455515813","Cross My Heart (Alex Cross)","James Patterson","14.4","Grand Central Publishing","09/30/2014","448","9781455527717","It Happened at Christmas","Debbie Mason","5.1","Grand Central Publishing","09/30/2014","384"
"141","653","1233","9780989760713","The Wallcreeper","Nell Zink","13.29","Dorothy, a publishing project","10/01/2014","200","9780989760713","The Wallcreeper","Nell Zink","13.29","Dorothy, a publishing project","10/01/2014","200"
"145","656","1231","9781416586296","Half Broke Horses: A True-Life Novel","Jeannette Walls","9.69","Scribner","09/07/2010","272","9781416586296","Half Broke Horses: A True-Life Novel","Jeannette Walls","9.78","Scribner","09/07/2010","288"
"146","665","1573","9781250045942","A Quilt for Christmas","Sandra Dallas","14.06","St. Martin's Press","10/14/2014","256","9781250052001","Full Measure","T. Jefferson Parker","18.65","St. Martin's Press","10/07/2014","288"
"147","665","2245","9781250045942","A Quilt for Christmas","Sandra Dallas","14.06","St. Martin's Press","10/14/2014","256","9781250010711","The Silent Sister","Diane Chamberlain","16.59","St. Martin's Press","10/07/2014","352"
"149","665","2731","9781250045942","A Quilt for Christmas","Sandra Dallas","14.06","St. Martin's Press","10/14/2014","256","9781250054951","Anything He Wants & Castaway","Sara Fawkes","11.11","St. Martin's Press","10/21/2014","672"
"155","714","2504","9781476783598","Halo: Broken Circle","John Shirley","10.12","Gallery Books","11/04/2014","352","9781476792491","After We Collided","Anna Todd","10.25","Gallery Books","11/18/2014","688"
"159","732","472","9781455519149","Egghead: Or, You Can't Survive on Ideas Alone","Bo Burnham","22.0","Grand Central Publishing","10/01/2013","240","9781455578313","This Man","Jodi Ellen Malpas","11.99","Grand Central Publishing","10/22/2013","480"
"168","774","229","9781476749235","Windigo Island: A Novel (Cork O'Connor Mystery Series)","William Kent Krueger","16.75","Atria Books","08/19/2014","352","9781476702995","The House We Grew Up In","Lisa Jewell","16.56","Atria Books","08/12/2014","400"
"171","774","2466","9781476749235","Windigo Island: A Novel (Cork O'Connor Mystery Series)","William Kent Krueger","16.75","Atria Books","08/19/2014","352","9781476765365","Pulse (Collide Series #2)","Gail McHugh","9.67","Atria Books","08/12/2014","432"
"174","783","519","9781455525775","The Lost Island: A Gideon Crew Novel (Gideon Crew series)","Douglas Preston","24.3","Grand Central Publishing","08/05/2014","368","9781455529285","Slow Satisfaction","Cecilia Tan","7.0","Grand Central Publishing","08/26/2014","336"
"175","783","1361","9781455525775","The Lost Island: A Gideon Crew Novel (Gideon Crew series)","Douglas Preston","24.3","Grand Central Publishing","08/05/2014","368","9781455529780","Private Down Under","James Patterson","11.84","Grand Central Publishing","08/26/2014","384"
"186","827","2731","9781250048264","Bathing the Lion","Jonathan Carroll","16.43","St. Martin's Press","10/21/2014","288","9781250054951","Anything He Wants & Castaway","Sara Fawkes","11.11","St. Martin's Press","10/21/2014","672"
"189","830","1417","9780316368629","Spoiled Brats: Stories","Simon Rich","22.5","Little, Brown and Company","10/14/2014","224","9780316376112","Winter Street","Elin Hilderbrand","16.25","Little, Brown and Company","10/14/2014","256"
"190","830","1743","9780316368629","Spoiled Brats: Stories","Simon Rich","22.5","Little, Brown and Company","10/14/2014","224","9780316074292","The Luminaries","Eleanor Catton","11.7","Little, Brown and Company","10/07/2014","864"
"193","836","2786","9781455575992","The Gods of Guilt (A Lincoln Lawyer Novel)","Michael Connelly","15.0","Grand Central Publishing","05/06/2014","416","9781455575992","The Gods of Guilt (Mickey Haller Series #5)","Michael Connelly","10.49","Grand Central Publishing","05/06/2014","416"
"194","836","3182","9781455575992","The Gods of Guilt (A Lincoln Lawyer Novel)","Michael Connelly","15.0","Grand Central Publishing","05/06/2014","416","9781455573073","The End of Always: A Novel","Randi Davenport","17.5","Grand Central Publishing","05/06/2014","336"
"198","840","2315","9781586638474","Julius Caesar (No Fear Shakespeare)","SparkNotes","5.65","SparkNotes","07/03/2003","256","9781586638504","The Merchant of Venice (No Fear Shakespeare Series)","SparkNotes","5.95","SparkNotes","07/15/2003","256"
"201","864","1288","9780525427247","First Impressions: A Novel of Old Books, Unexpected Love, and Jane Austen","Charlie Lovett","18.98","Viking Adult","10/16/2014","320","9780525427919","Wait for Signs: Twelve Longmire Stories","Craig Johnson","17.19","Viking Adult","10/21/2014","192"
"203","878","3017","9781589798724","The Scarlett Letters: The Making of the Film Gone With the Wind","John Wiley Jr.","26.92","Taylor Trade Publishing","10/08/2014","536","9781630760199","Sharkman","Steve Alten","17.81","Taylor Trade Publishing","10/07/2014","272"
"205","902","789","9780670016389","Dear Daughter: A Novel","Elizabeth Little","17.04","Viking Adult","07/31/2014","384","9780525426684","The Hundred-Year House","Rebecca Makkai","18.78","Viking Adult","07/10/2014","352"
"207","906","1320","9780786891481","Deadly Heat (Nikki Heat)","Richard Castle","6.99","Kingswell","09/30/2014","416","9781401324810","Raging Heat (Nikki Heat Series #6)","Richard Castle","15.51","Kingswell","09/16/2014","304"
"214","918","1887","9781455586301","Darling Beast (Maiden Lane)","Elizabeth Hoyt","7.2","Grand Central Publishing","10/14/2014","352","9780446556798","The Gods of Guilt (Mickey Haller Series #5)","Michael Connelly","7.0","Grand Central Publishing","10/28/2014","464"
"216","957","176","9781451617481","The Dovekeepers: A Novel","Alice Hoffman","9.28","Scribner","04/03/2012","528","9781416535461","The Ripple Effect: The Fate of Freshwater in the Twenty-First Century","Alex Prud'homme","13.39","Scribner","04/10/2012","435"
"225","980","3028","9781250049377","Landline","Rainbow Rowell","15.8","St. Martin's Press","07/08/2014","320","9781250047564","Something Borrowed, Someone Dead (Agatha Raisin Series #24)","M. C. Beaton","7.99","St. Martin's Press","07/01/2014","320"
"227","990","1524","9781416521495","Song of Susannah (The Dark Tower, Book 6)","Stephen King","8.99","Pocket Books","05/23/2006","560","9781416521495","The Dark Tower VI: Song of Susannah","Stephen King","9.99","Pocket Books","05/23/2006","560"
"231","1009","1887","9781455529544","One in a Million (A Lucky Harbor novel)","Jill Shalvis","7.2","Grand Central Publishing","10/14/2014","352","9780446556798","The Gods of Guilt (Mickey Haller Series #5)","Michael Connelly","7.0","Grand Central Publishing","10/28/2014","464"
"234","1043","1584","9780743499316","Zane's The Other Side of the Pillow: A Novel","Zane","15.96","Atria Books","08/05/2014","288","9781476749235","Windigo Island (Cork O'Connor Series #14)","William Kent Krueger","16.75","Atria Books","08/19/2014","352"
"235","1043","2466","9780743499316","Zane's The Other Side of the Pillow: A Novel","Zane","15.96","Atria Books","08/05/2014","288","9781476765365","Pulse (Collide Series #2)","Gail McHugh","9.67","Atria Books","08/12/2014","432"
"236","1054","2450","9780374534158","My Struggle: Book 2: A Man in Love","Karl Ove Knausgaard","11.94","Farrar, Straus and Giroux","06/03/2014","608","9780374534158","My Struggle, Book Two: A Man in Love","Karl Ove Knausgaard","12.06","Farrar, Straus and Giroux","06/03/2014","608"
"239","1091","1636","9781455582341","How Google Works","Eric Schmidt","17.99","Grand Central Publishing","09/23/2014","304","9781455556656","Moonlight Raider","Amanda Scott","6.8","Grand Central Publishing","09/30/2014","400"
"242","1091","2948","9781455582341","How Google Works","Eric Schmidt","17.99","Grand Central Publishing","09/23/2014","304","9781455551859","Ring in the Holidays","Katie Lane","5.1","Grand Central Publishing","09/30/2014","368"
"248","1105","186","9781118008188","HTML and CSS: Design and Build Websites","Jon Duckett","17.39","Wiley","11/08/2011","512","9781119976875","Typographic Web Design: How to Think Like a Typographer in HTML and CSS","Laura Franz","28.74","Wiley","11/01/2011","336"
"251","1105","1001","9781118008188","HTML and CSS: Design and Build Websites","Jon Duckett","17.39","Wiley","11/08/2011","512","9781118093849","iPhone 4S Portable Genius","Paul McFedries","17.35","Wiley","11/29/2011","352"
"260","1166","2328","9781430264484","Pro AngularJS (Expert's Voice in Web Development)","Adam Freeman","36.27","Apress","03/25/2014","688","9781430261452","Building the Infrastructure for Cloud Security: A Solutions View","Raghuram Yeluri","37.72","Apress","03/31/2014","244"
"262","1189","981","9781118661468","Data Smart: Using Data Science to Transform Information into Insight","John W. Foreman","29.68","Wiley","11/04/2013","432","9781118691816","OS X Mavericks All-in-One For Dummies","Mark L. Chambers","25.42","Wiley","11/11/2013","792"
"264","1189","1844","9781118661468","Data Smart: Using Data Science to Transform Information into Insight","John W. Foreman","29.68","Wiley","11/04/2013","432","9781118751251","Adventures In Raspberry Pi","Carrie Anne Philbin","16.15","Wiley","11/25/2013","256"
"267","1189","2699","9781118661468","Data Smart: Using Data Science to Transform Information into Insight","John W. Foreman","29.68","Wiley","11/04/2013","432","9781118745311","Oracle 12c For Dummies","Chris Ruel","24.43","Wiley","11/18/2013","432"
"269","1198","284","9781118490396","Excel 2013 Power Programming with VBA","John Walkenbach","28.99","Wiley","04/01/2013","1104","9781118329580","Windows For Tablets For Dummies","Andy Rathbone","15.6","Wiley","04/01/2013","312"
"271","1198","1468","9781118490396","Excel 2013 Power Programming with VBA","John Walkenbach","28.99","Wiley","04/01/2013","1104","9780470751848","Radio Propagation Measurement and Channel Modelling","Sana Salous","102.72","Wiley","04/22/2013","422"
"277","1210","527","9781118490358","Access 2013 Bible","Michael Alexander","32.06","Wiley","04/29/2013","1296","9781118543191","Android Tablets For Dummies","Dan Gookin","18.49","Wiley","04/29/2013","320"
"283","1220","36","9781118488768","The New Rules of Marketing & PR: How to Use Social Media, Online Video, Mobile Applications, Blogs, News Releases, and Viral Marketing to Reach Buyers Directly","David Meerman Scott","13.2","Wiley","07/01/2013","464","9781118541906","Microsoft Exchange Server 2013: Design, Deploy and Deliver an Enterprise Messaging Solution","Nathan Winters","37.4","Wiley","07/29/2013","408"
"285","1220","158","9781118488768","The New Rules of Marketing & PR: How to Use Social Media, Online Video, Mobile Applications, Blogs, News Releases, and Viral Marketing to Reach Buyers Directly","David Meerman Scott","13.2","Wiley","07/01/2013","464","9780470686133","Adaptive Processing of Brain Signals","Saeid Sanei","99.4","Wiley","07/15/2013","468"
"290","1220","993","9781118488768","The New Rules of Marketing & PR: How to Use Social Media, Online Video, Mobile Applications, Blogs, News Releases, and Viral Marketing to Reach Buyers Directly","David Meerman Scott","13.2","Wiley","07/01/2013","464","9781118607787","Starting an Online Business For Dummies","Greg Holden","20.09","Wiley","07/10/2013","456"
"294","1220","2984","9781118488768","The New Rules of Marketing & PR: How to Use Social Media, Online Video, Mobile Applications, Blogs, News Releases, and Viral Marketing to Reach Buyers Directly","David Meerman Scott","13.2","Wiley","07/01/2013","464","9781118639566","Photoshop CC Digital Classroom","Jennifer Smith","34.54","Wiley","07/15/2013","448"
"297","1229","158","9781118549360","Exploring Arduino: Tools and Techniques for Engineering Wizardry","Jeremy Blum","23.09","Wiley","07/12/2013","384","9780470686133","Adaptive Processing of Brain Signals","Saeid Sanei","99.4","Wiley","07/15/2013","468"
"307","1232","691","9781430265290","Pro ASP.NET MVC 5 (Expert's Voice in ASP.Net)","Adam Freeman","37.31","Apress","12/20/2013","832","9781430257400","Rethinking the Internet of Things: A Scalable Approach to Connecting Everything","Francis daCosta","28.9","Apress","12/29/2013","192"
"316","1249","671","9781118530801","The Data Warehouse Toolkit: The Definitive Guide to Dimensional Modeling","Ralph Kimball","46.98","Wiley","07/01/2013","600","9781118568118","Advanced Aircraft Design: Conceptual Design, Technology and Optimization of Subsonic Civil Airplanes","Egbert Torenbeek","102.96","Wiley","07/15/2013","436"
"322","1250","2061","9780321811981","Presentation Zen: Simple Ideas on Presentation Design and Delivery (2nd Edition) (Voices That Matter)","Garr Reynolds","20.62","New Riders","12/18/2011","312","9780321811981","Presentation Zen: Simple Ideas on Presentation Design and Delivery","Garr Reynolds","0.0","New Riders","12/22/2011","296"
"325","1260","943","9780321929495","Adobe Illustrator CC Classroom in a Book","Adobe Creative Team","40.98","Adobe Press","07/05/2013","480","9780321929600","Adobe After Effects CC Classroom in a Book","Adobe Creative Team","49.35","Adobe Press","07/22/2013","387"
"326","1285","1289","9781430242338","Pro C# 5.0 and the .NET 4.5 Framework (Expert's Voice in .NET)","Andrew Troelsen","38.72","Apress","08/21/2012","1560","9781430242512","Beginning ASP.NET 4.5 in C#","Matthew MacDonald","33.98","Apress","08/29/2012","922"
"327","1285","1867","9781430242338","Pro C# 5.0 and the .NET 4.5 Framework (Expert's Voice in .NET)","Andrew Troelsen","38.72","Apress","08/21/2012","1560","9781430243922","Practical 3D Printers: The Science and Art of 3D Printing","Brian Evans","23.89","Apress","08/29/2012","332"
"329","1288","2105","9781118851012","Data Fluency: Empowering Your Organization with Effective Data Communication","Zach Gemignani","28.07","Wiley","10/20/2014","288","9781118932162","iPhone For Dummies","Edward C. Baig","18.23","Wiley","10/13/2014","416"
"331","1290","981","9781118612040","Tableau Your Data!: Fast and Easy Visual Analysis with Tableau Software","Dan Murray","29.74","Wiley","11/11/2013","528","9781118691816","OS X Mavericks All-in-One For Dummies","Mark L. Chambers","25.42","Wiley","11/11/2013","792"
"336","1290","2699","9781118612040","Tableau Your Data!: Fast and Easy Visual Analysis with Tableau Software","Dan Murray","29.74","Wiley","11/11/2013","528","9781118745311","Oracle 12c For Dummies","Chris Ruel","24.43","Wiley","11/18/2013","432"
"337","1295","824","9780470475355","Excel 2010 Power Programming with VBA","John Walkenbach","26.35","Wiley","05/10/2010","1080","9780470532188","Access 2010 All-in-One For Dummies","Alison Barrows","26.18","Wiley","05/03/2010","792"
"347","1321","1299","9781118766576","About Face: The Essentials of Interaction Design","Alan Cooper","33.31","Wiley","09/02/2014","720","9781118749920","Applied Mathematics for Science and Engineering","Larry A. Glasgow","100.05","Wiley","09/15/2014","256"
"351","1343","156","9780321934406","The Adobe Photoshop Lightroom 5 Book: The Complete Guide for Photographers","Martin Evening","38.72","Adobe Press","07/10/2013","736","9780321919410","Adobe Dreamweaver CC Classroom in a Book","Adobe Creative Team","38.89","Adobe Press","07/29/2013","448"
"352","1343","943","9780321934406","The Adobe Photoshop Lightroom 5 Book: The Complete Guide for Photographers","Martin Evening","38.72","Adobe Press","07/10/2013","736","9780321929600","Adobe After Effects CC Classroom in a Book","Adobe Creative Team","49.35","Adobe Press","07/22/2013","387"
"353","1347","3087","9781285161761","Discovering Computers 2014 (Shelly Cashman)","Misty E. Vermaat","138.79","Cengage Learning","07/08/2013","616","9781285093123","Microsoft Word 2013: Illustrated Introductory","Jennifer Duffy","0.0","Cengage Learning","07/23/2013","264"
"358","1369","74","9781118896655","Inbound Marketing, Revised and Updated: Attract, Engage, and Delight Customers Online","Brian Halligan","12.59","Wiley","09/02/2014","224","9781118968017","Home Recording For Musicians For Dummies","Jeff Strong","19.88","Wiley","09/29/2014","384"
"363","1371","3152","9781285167640","New Perspectives on Microsoft Office 2013, First Course","Kathy T. Finnegan","156.42","Cengage Learning","05/15/2013","1144","9781285093284","Microsoft Access 2013: Illustrated Introductory","Lisa Friedrichsen","0.0","Cengage Learning","05/16/2013","280"
"364","1372","187","9780470526828","Data Mining for Business Intelligence: Concepts, Techniques, and Applications in Microsoft Office Excel with XLMiner","Galit Shmueli","92.26","Wiley","10/26/2010","428","9780470489604","Excel 2010 Workbook For Dummies","Greg Harvey","19.97","Wiley","10/12/2010","408"
"365","1372","594","9780470526828","Data Mining for Business Intelligence: Concepts, Techniques, and Applications in Microsoft Office Excel with XLMiner","Galit Shmueli","92.26","Wiley","10/26/2010","428","9780470746028","RFID Systems: Research Trends and Challenges","Miodrag Bolic","0.0","Wiley","10/11/2010","576"
"368","1424","1980","9780735669130","Microsoft Excel 2013 Data Analysis and Business Modeling","Wayne Winston","20.0","Microsoft Press","01/25/2014","888","9780735669130","Microsoft Excel 2013: Data Analysis and Business Modeling","Wayne Winston","30.37","Microsoft Press","01/31/2014","888"
"370","1433","1438","9781118582305","Cool Infographics: Effective Communication with Data Visualization and Design","Randy Krum","24.73","Wiley","10/28/2013","368","9781118692905","iPhone For Seniors For Dummies","Nancy C. Muir","14.86","Wiley","10/28/2013","448"
"372","1433","2143","9781118582305","Cool Infographics: Effective Communication with Data Visualization and Design","Randy Krum","24.73","Wiley","10/28/2013","368","9781118711057","Laptops For Seniors For Dummies","Nancy C. Muir","15.29","Wiley","10/14/2013","480"
"373","1433","2172","9781118582305","Cool Infographics: Effective Communication with Data Visualization and Design","Randy Krum","24.73","Wiley","10/28/2013","368","9781118227787","Guide to US Food Laws and Regulations","Patricia A. Curtis","79.48","Wiley","10/07/2013","344"
"375","1433","2895","9781118582305","Cool Infographics: Effective Communication with Data Visualization and Design","Randy Krum","24.73","Wiley","10/28/2013","368","9781118737637","Beginning Programming with C For Dummies","Dan Gookin","21.19","Wiley","10/28/2013","456"
"376","1437","1968","9780735669116","Microsoft Project 2013 Step by Step","Timothy Johnson","20.18","Microsoft Press","03/25/2013","576","9780735669093","Microsoft Outlook 2013 Step By Step","Joan Lambert","19.94","Microsoft Press","03/27/2013","578"
"379","1438","344","9781118026472","The Web Application Hacker's Handbook: Finding and Exploiting Security Flaws","Dafydd Stuttard","30.27","Wiley","09/27/2011","912","9781118100356","BlackBerry For Dummies","Robert Kao","17.33","Wiley","09/06/2011","408"
"380","1438","2611","9781118026472","The Web Application Hacker's Handbook: Finding and Exploiting Security Flaws","Dafydd Stuttard","30.27","Wiley","09/27/2011","912","9781118065129","Digital Landscape and Nature Photography For Dummies","Doug Sahlin","21.1","Wiley","09/06/2011","368"
"381","1438","2717","9781118026472","The Web Application Hacker's Handbook: Finding and Exploiting Security Flaws","Dafydd Stuttard","30.27","Wiley","09/27/2011","912","9781118106372","How: Why How We Do Anything Means Everything","Dov Seidman","17.42","Wiley","09/21/2011","384"
"385","1448","521","9781782162148","Machine Learning with R","Brett Lantz","49.49","Packt Publishing","10/25/2013","396","9781783283019","Apache Maven Dependency Management","Jonathan Lalou","33.72","Packt Publishing","10/25/2013","158"
"386","1448","1146","9781782162148","Machine Learning with R","Brett Lantz","49.49","Packt Publishing","10/25/2013","396","9781849688925","Microsoft Dynamics GP 2013 Reporting, Second Edition","David Duncan","57.82","Packt Publishing","10/10/2013","386"
"392","1471","857","9781118617618","Architecting the Cloud: Design Decisions for Cloud Computing Service Models (SaaS, PaaS, and IaaS)","Michael J. Kavis","35.79","Wiley","01/28/2014","224","9781118789810","CCNA Routing and Switching Review Guide: Exams 100-101, 200-101, and 200-120","Todd Lammle","19.94","Wiley","01/13/2014","528"
"396","1501","1195","9781118218549","Linux Bible","Christopher Negus","32.0","Wiley","09/11/2012","864","9781118135273","Windows 8 Simplified","Paul McFedries","15.45","Wiley","09/25/2012","272"
"397","1501","1373","9781118218549","Linux Bible","Christopher Negus","32.0","Wiley","09/11/2012","864","9781118324080","CompTIA A+ Complete Review Guide: Exams 220-801 and 220-802","Emmett Dulaney","20.49","Wiley","09/25/2012","552"
"398","1501","2017","9781118218549","Linux Bible","Christopher Negus","32.0","Wiley","09/11/2012","864","9781118374870","Teach Yourself VISUALLY Mac Mini","Guy Hart-Davis","21.06","Wiley","09/25/2012","352"
"402","1501","3005","9781118218549","Linux Bible","Christopher Negus","32.0","Wiley","09/11/2012","864","9781118328323","Autodesk 3ds Max 2013 Bible","Kelly L. Murdock","36.99","Wiley","09/11/2012","840"
"403","1501","3123","9781118218549","Linux Bible","Christopher Negus","32.0","Wiley","09/11/2012","864","9780470670651","The BRC Global Standard for Food Safety: A Guide to a Successful Audit","Ron Kill","92.57","Wiley","09/11/2012","406"
"404","1503","1254","9780321711052","Speedliter's Handbook: Learning to Craft Light with Canon Speedlites","Syl Arena","31.89","Peachpit Press","12/29/2010","432","9780321700971","Apple Training Series: iLife '11","Dion Scoppettuolo","26.81","Peachpit Press","12/16/2010","532"
"411","1565","156","9780321929600","Adobe After Effects CC Classroom in a Book","Adobe Creative Team","49.35","Adobe Press","07/20/2013","400","9780321919410","Adobe Dreamweaver CC Classroom in a Book","Adobe Creative Team","38.89","Adobe Press","07/29/2013","448"
"414","1573","1174","9780470639535","Social Engineering: The Art of Human Hacking","Christopher Hadnagy","21.1","Wiley","12/03/2010","416","9780470639535","Social Engineering: The Art of Human Hacking","Christopher Hadnagy","21.1","Wiley","12/28/2010","416"
"420","1590","2143","9781118582695","Management Science: The Art of Modeling with Spreadsheets","Stephen G. Powell","166.97","Wiley","10/07/2013","544","9781118711057","Laptops For Seniors For Dummies","Nancy C. Muir","15.29","Wiley","10/14/2013","480"
"425","1607","756","9781285099149","Succeeding in Business with Microsoft Excel 2013: A Problem-Solving Approach (New Perspectives)","Debra Gross","124.04","Cengage Learning","08/27/2013","720","9781285169071","Microsoft Access 2013: Complete","Philip J. Pratt","0.0","Cengage Learning","08/06/2013","600"
"427","1624","875","9780321683687","The Elements of User Experience: User-Centered Design for the Web and Beyond (2nd Edition) (Voices That Matter)","Jesse James Garrett","28.48","New Riders","12/26/2010","192","9780321683687","The Elements of User Experience: User-Centered Design for the Web and Beyond","Jesse James Garrett","28.48","New Riders","12/30/2010","172"
"430","1640","758","9780470973929","The R Book","Michael J. Crawley","81.81","Wiley","12/26/2012","1076","9781118314418","Beginning Visual C# 2012 Programming","Karli Watson","30.05","Wiley","12/26/2012","912"
"432","1640","1278","9780470973929","The R Book","Michael J. Crawley","81.81","Wiley","12/26/2012","1076","9781118209202","MacBook For Dummies","Mark L. Chambers","18.49","Wiley","12/04/2012","456"
"433","1640","1537","9780470973929","The R Book","Michael J. Crawley","81.81","Wiley","12/26/2012","1076","9781118529331","Apple TV Portable Genius","Guy Hart-Davis","22.05","Wiley","12/26/2012","288"
"439","1681","1172","9780470463635","Categorical Data Analysis","Alan Agresti","90.95","Wiley","12/03/2012","744","9781118356395","QuickBooks 2013 All-in-One For Dummies","Stephen L. Nelson","21.97","Wiley","12/10/2012","624"
"445","1690","1328","9781118094839","Information Storage and Management: Storing, Managing, and Protecting Digital Information in Classic, Virtualized, and Cloud Environments","EMC Education Services","56.53","Wiley","05/22/2012","528","9781444332827","Fish Pathology","Ronald J. Roberts","238.03","Wiley","05/22/2012","590"
"448","1690","2577","9781118094839","Information Storage and Management: Storing, Managing, and Protecting Digital Information in Classic, Virtualized, and Cloud Environments","EMC Education Services","56.53","Wiley","05/22/2012","528","9781118130568","Introducing Autodesk Maya 2013","Dariush Derakhshani","36.99","Wiley","05/01/2012","648"
"449","1690","3126","9781118094839","Information Storage and Management: Storing, Managing, and Protecting Digital Information in Classic, Virtualized, and Cloud Environments","EMC Education Services","56.53","Wiley","05/22/2012","528","9781118123881","Adobe Photoshop CS6 Bible","Brad Dayley","31.11","Wiley","05/08/2012","1104"
"450","1693","74","9781118921661","Raspberry Pi User Guide","Gareth Halfacree","14.71","Wiley","09/02/2014","312","9781118968017","Home Recording For Musicians For Dummies","Jeff Strong","19.88","Wiley","09/29/2014","384"
"455","1695","424","9781118787311","Practical Reverse Engineering: x86, x64, ARM, Windows Kernel, Reversing Tools, and Obfuscation","Bruce Dang","40.38","Wiley","02/17/2014","384","9781118723159","iPad mini For Dummies","Edward C. Baig","17.19","Wiley","02/10/2014","416"
"456","1695","1782","9781118787311","Practical Reverse Engineering: x86, x64, ARM, Windows Kernel, Reversing Tools, and Obfuscation","Bruce Dang","40.38","Wiley","02/17/2014","384","9781118833032","Professional C# 5.0 and .NET 4.5.1","Christian Nagel","39.94","Wiley","02/24/2014","1560"
"460","1709","743","9780321822475","Adobe Premiere Pro CS6 Classroom in a Book","Adobe Creative Team","34.54","Adobe Press","07/19/2012","480","9780321822604","Adobe Creative Suite 6 Design & Web Premium Classroom in a Book","Adobe Creative Team","38.7","Adobe Press","07/20/2012","320"
"461","1711","550","9781118232606","Content Rules: How to Create Killer Blogs, Podcasts, Videos, Ebooks, Webinars (and More) That Engage Customers and Ignite Your Business","Ann Handley","11.9","Wiley","05/22/2012","320","9781118281123","AutoCAD 2013 For Dummies","David Byrnes","22.3","Wiley","05/08/2012","592"
"465","1711","2518","9781118232606","Content Rules: How to Create Killer Blogs, Podcasts, Videos, Ebooks, Webinars (and More) That Engage Customers and Ignite Your Business","Ann Handley","11.9","Wiley","05/22/2012","320","9781118204122","iOS Hacker's Handbook","Dion Blazakis","33.06","Wiley","05/08/2012","408"
"467","1711","3126","9781118232606","Content Rules: How to Create Killer Blogs, Podcasts, Videos, Ebooks, Webinars (and More) That Engage Customers and Ignite Your Business","Ann Handley","11.9","Wiley","05/22/2012","320","9781118123881","Adobe Photoshop CS6 Bible","Brad Dayley","31.11","Wiley","05/08/2012","1104"
"485","1789","196","9781494820602","Unlock the Power of Your Chromecast","Aaron Halbert","10.73","CreateSpace Independent Publishing Platform","12/27/2013","48","9781494759957","Help Me! Guide to the iPad Air: Step-by-Step User Guide for the Fifth Generation iPad and iOS 7","Charles Hughes","8.34","CreateSpace Independent Publishing Platform","12/21/2013","262"
"486","1807","46","9780471729983","Geo-Business: GIS in the Digital Organization","James B. Pick","92.22","Wiley","01/02/2008","416","9780470194294","Complete MBA For Dummies","Kathleen Allen","14.53","Wiley","01/03/2008","432"
"490","1833","156","9780321926975","Adobe InDesign CC Classroom in a Book (Classroom in a Book (Adobe))","Adobe Creative Team","38.72","Adobe Press","07/13/2013","432","9780321919410","Adobe Dreamweaver CC Classroom in a Book","Adobe Creative Team","38.89","Adobe Press","07/29/2013","448"
"497","1834","3100","9781455584291","In Real Life: Love, Lies & Identity in the Digital Age","Nev Schulman","14.4","Grand Central Publishing","09/02/2014","256","9781455527717","It Happened at Christmas","Debbie Mason","5.1","Grand Central Publishing","09/30/2014","384"
"498","1835","825","9781484201107","ASP.NET Web API 2: Building a REST Service from Start to Finish","Jamie Kurtz","23.96","Apress","07/27/2014","280","9781430265955","Practical Node.js: Building Real-World Scalable Web Apps","Azat Mardan","30.37","Apress","07/31/2014","300"
"501","1842","1406","9780321928832","HTML and CSS: Visual QuickStart Guide (8th Edition)","Elizabeth Castro","24.29","Peachpit Press","08/19/2013","576","9780321930712","Real World Adobe InDesign CC","Olav Martin Kvern","59.99","Peachpit Press","08/01/2013","827"
"511","1858","166","9781118645215","Lightroom 5: Streamlining Your Digital Photography Process","Nat Coalson","28.58","Wiley","07/29/2013","512","9781118575048","Mastering AutoCAD 2014 and AutoCAD LT 2014: Autodesk Official Press","George Omura","36.44","Wiley","07/01/2013","1248"
"513","1858","224","9781118645215","Lightroom 5: Streamlining Your Digital Photography Process","Nat Coalson","28.58","Wiley","07/29/2013","512","9781118575208","Autodesk Inventor 2014 Essentials: Autodesk Official Press","Thom Tremblay","32.14","Wiley","07/29/2013","416"
"516","1858","1909","9781118645215","Lightroom 5: Streamlining Your Digital Photography Process","Nat Coalson","28.58","Wiley","07/29/2013","512","9781118554807","Blog Design For Dummies","Melissa Culbertson","19.57","Wiley","07/15/2013","352"
"517","1858","2166","9781118645215","Lightroom 5: Streamlining Your Digital Photography Process","Nat Coalson","28.58","Wiley","07/29/2013","512","9781118653746","Teach Yourself VISUALLY Complete Excel","Paul McFedries","25.2","Wiley","07/22/2013","600"
"518","1858","2945","9781118645215","Lightroom 5: Streamlining Your Digital Photography Process","Nat Coalson","28.58","Wiley","07/29/2013","512","9781118549360","Exploring Arduino: Tools and Techniques for Engineering Wizardry","Jeremy Blum","23.09","Wiley","07/22/2013","384"
"521","1901","1009","9780670025602","More Awesome Than Money: Four Boys and Their Heroic Quest to Save Your Privacy from Facebook","Jim Dwyer","20.93","Viking Adult","10/16/2014","384","9780525427247","First Impressions: A Novel of Old Books, Unexpected Love, and Jane Austen","Charlie Lovett","19.45","Viking Adult","10/16/2014","320"
"522","1901","1288","9780670025602","More Awesome Than Money: Four Boys and Their Heroic Quest to Save Your Privacy from Facebook","Jim Dwyer","20.93","Viking Adult","10/16/2014","384","9780525427919","Wait for Signs: Twelve Longmire Stories","Craig Johnson","17.19","Viking Adult","10/21/2014","192"
"523","1901","1751","9780670025602","More Awesome Than Money: Four Boys and Their Heroic Quest to Save Your Privacy from Facebook","Jim Dwyer","20.93","Viking Adult","10/16/2014","384","9780670026067","The Republic of Imagination: America in Three Books","Azar Nafisi","20.99","Viking Adult","10/21/2014","352"
"526","1918","772","9781118357040","Information Technology for Management: Advancing Sustainable, Profitable Business Growth","Efraim Turban","170.56","Wiley","01/14/2013","480","9781118314456","Professional Visual Basic 2012 and .NET 4.5 Programming","Bill Sheldon","44.09","Wiley","01/04/2013","912"
"530","1918","2119","9781118357040","Information Technology for Management: Advancing Sustainable, Profitable Business Growth","Efraim Turban","170.56","Wiley","01/14/2013","480","9781118342367","Spacecraft Dynamics and Control: An Introduction","Anton H. de Ruiter","0.0","Wiley","01/29/2013","588"
"543","1924","1969","9780470531082","Digital Design with RTL Design, VHDL, and Verilog","Frank Vahid","191.88","Wiley","03/09/2010","592","9780470502204","Professional ASP.NET 4 in C# and VB","Bill Evjen","43.34","Wiley","03/08/2010","1536"
"546","1926","1406","9780321908452","The Digital Print: Preparing Images in Lightroom and Photoshop for Printing","Jeff Schewe","31.14","Peachpit Press","08/2013","336","9780321930712","Real World Adobe InDesign CC","Olav Martin Kvern","59.99","Peachpit Press","08/01/2013","827"
"549","1948","756","9781285168449","Microsoft Excel 2013: Complete (Shelly Cashman)","Joy L. Starks","103.48","Cengage Learning","08/19/2013","592","9781285169071","Microsoft Access 2013: Complete","Philip J. Pratt","0.0","Cengage Learning","08/06/2013","600"
"553","1953","541","9781118086834","Business Data Communications and Networking","Jerry FitzGerald","55.18","Wiley","08/23/2011","608","9780470891919","Nanotechnology For Dummies","Earl Boysen","15.55","Wiley","08/09/2011","360"
"558","1954","1994","9780735666993","Microsoft SharePoint 2013 Inside Out","Darvish Shadravan","33.38","Microsoft Press","06/25/2013","904","9780735669062","Microsoft Office Inside Out: 2013 Edition","Carl Siechert","36.11","Microsoft Press","06/07/2013","912"
"559","1960","644","9780470666852","Smashing UX Design: Foundations for Designing Online User Experiences","Jesmond Allen","29.24","Wiley","06/18/2012","446","9781118101117","Professional Microsoft SQL Server 2012 Reporting Services","Paul Turley","36.41","Wiley","06/05/2012","912"
"562","1960","2419","9780470666852","Smashing UX Design: Foundations for Designing Online User Experiences","Jesmond Allen","29.24","Wiley","06/18/2012","446","9781118244807","AutoCAD Civil 3D 2013 Essentials","Eric Chappell","36.18","Wiley","06/05/2012","400"
"564","1960","2933","9780470666852","Smashing UX Design: Foundations for Designing Online User Experiences","Jesmond Allen","29.24","Wiley","06/18/2012","446","9781118164303","Beginning R: The Statistical Programming Language","Mark Gardener","21.96","Wiley","06/13/2012","504"
"565","1960","3131","9780470666852","Smashing UX Design: Foundations for Designing Online User Experiences","Jesmond Allen","29.24","Wiley","06/18/2012","446","9781118123898","Adobe Photoshop CS6 Digital Classroom","Jennifer Smith","33.12","Wiley","06/13/2012","448"
"567","1967","284","9781118290149","The SketchUp Workflow for Architecture: Modeling Buildings, Visualizing Design, and Creating Construction Documents with SketchUp Pro and LayOut","Michael Brightman","37.21","Wiley","04/22/2013","400","9781118329580","Windows For Tablets For Dummies","Andy Rathbone","15.6","Wiley","04/01/2013","312"
"580","2036","1133","9780321815385","A Project Guide to UX Design: For user experience designers in the field or in the making (2nd Edition) (Voices That Matter)","Russ Unger","25.07","New Riders","03/19/2012","360","9780321815361","Managing Enterprise Content: A Unified Content Strategy","Ann Rockley","32.46","New Riders","03/01/2012","384"
"582","2038","1947","9780470133125","Microsoft Project 13","Microsoft Official Academic Course","99.75","Wiley","10/28/2013","353","9781118677797","iPhone 5S and iPhone 5C Portable Genius","Paul McFedries","16.31","Wiley","10/21/2013","352"
"584","2038","2172","9780470133125","Microsoft Project 13","Microsoft Official Academic Course","99.75","Wiley","10/28/2013","353","9781118227787","Guide to US Food Laws and Regulations","Patricia A. Curtis","79.48","Wiley","10/07/2013","344"
"587","2041","2728","9781422103326","Competing on Analytics: The New Science of Winning","Thomas H. Davenport","18.8","Harvard Business Review Press","03/06/2007","240","9781422103326","Competing on Analytics: The New Science of Winning","Thomas H. Davenport","0.0","Harvard Business Review Press","03/06/2007","240"
"591","2068","1348","9780538747158","Microsoft Office 2010: Illustrated Introductory, First Course","Elizabeth Eisner Reding","145.26","Cengage Learning","07/27/2010","688","9780538748223","Microsoft Office Word 2010: Illustrated Brief","Jennifer Duffy","0.0","Cengage Learning","07/27/2010","152"
"594","2079","1303","9781118123898","Adobe Photoshop CS6 Digital Classroom","Jennifer Smith","33.13","Wiley","06/13/2012","448","9783527320806","Electrospinning: Materials, Processing, and Applications","Joachim H. Wendorff","0.0","Wiley","06/05/2012","254"
"597","2079","2933","9781118123898","Adobe Photoshop CS6 Digital Classroom","Jennifer Smith","33.13","Wiley","06/13/2012","448","9781118164303","Beginning R: The Statistical Programming Language","Mark Gardener","21.96","Wiley","06/13/2012","504"
"600","2088","3087","9781285089454","Using Quickbooks Accountant 2013 (with CD-ROM and Data File CD-ROM)","Glenn Owen","144.32","Cengage Learning","07/30/2013","432","9781285093123","Microsoft Word 2013: Illustrated Introductory","Jennifer Duffy","0.0","Cengage Learning","07/23/2013","264"
"614","2109","2700","9780321947802","The Photoshop Elements 12 Book for Digital Photographers (Voices That Matter)","Scott Kelby","32.38","New Riders","12/27/2013","456","9780321934048","Adventures in Experience Design","Carolyn Chandler","22.19","New Riders","12/25/2013","168"
"619","2123","816","9781118795484","Raspberry Pi User Guide","Gareth Halfacree","15.92","Wiley","12/04/2013","312","9781118789704","CCNA Routing and Switching Deluxe Study Guide: Exams 100-101, 200-101, and 200-120","Todd Lammle","61.83","Wiley","12/23/2013","1176"
"620","2123","1475","9781118795484","Raspberry Pi User Guide","Gareth Halfacree","15.92","Wiley","12/04/2013","312","9781118307984","Aerospace Propulsion","T. W. Lee","0.0","Wiley","12/16/2013","316"
"630","2129","2577","9781118295274","Exam 98-349 MTA Windows Operating System Fundamentals","Microsoft Official Academic Course","72.43","Wiley","05/15/2012","328","9781118130568","Introducing Autodesk Maya 2013","Dariush Derakhshani","36.99","Wiley","05/01/2012","648"
"637","2148","1706","9781430210788","Founders at Work: Stories of Startups' Early Days","Jessica Livingston","10.69","Apress","09/18/2008","488","9781430210788","Founders at Work: Stories of Startups' Early Days","Jessica Livingston","0.0","Apress","09/19/2008","488"
"638","2151","490","9781118662090","The Browser Hacker's Handbook","Wade Alcorn","44.73","Wiley","03/24/2014","648","9781118608647","Android Hacker's Handbook","Joshua J. Drake","41.25","Wiley","03/31/2014","576"
"639","2151","2082","9781118662090","The Browser Hacker's Handbook","Wade Alcorn","44.73","Wiley","03/24/2014","648","9781118407806","Java For Dummies","Burd","18.5","Wiley","03/31/2014","432"
"649","2174","226","9781285169071","Microsoft Access 2013: Complete (Shelly Cashman Series)","Philip J. Pratt","104.51","Cengage Learning","08/05/2013","600","9781285167725","Microsoft Word 2013: Complete","Misty E. Vermaat","0.0","Cengage Learning","08/28/2013","648"
"652","2178","1958","9781118891681","Business Data Communications and Networking","Alexandra Durcikova","183.12","Wiley","08/25/2014","416","9781118817094","Cloud Management and Security","Imad M. Abbadi","85.85","Wiley","08/11/2014","240"
"653","2178","2715","9781118891681","Business Data Communications and Networking","Alexandra Durcikova","183.12","Wiley","08/25/2014","416","9781118921173","Facebook & Twitter For Seniors For Dummies","Marsha Collier","17.27","Wiley","08/18/2014","360"
"654","2180","391","9781118877166","Level Up! The Guide to Great Video Game Design","Scott Rogers","30.01","Wiley","04/28/2014","550","9781118772225","Marketing Automation For Dummies","Mathew Sweezey","17.83","Wiley","04/14/2014","312"
"655","2180","853","9781118877166","Level Up! The Guide to Great Video Game Design","Scott Rogers","30.01","Wiley","04/28/2014","550","9781118773420","Critical Reflections on Nuclear and Renewable Energy: Environmental Protection and Safety in the Wake of the Fukushima Nuclear Accident","Way Kuo","27.87","Wiley","04/07/2014","175"
"660","2183","1591","9781250046635","Virtually Human: The Promise---and the Peril---of Digital Immortality","Ray Kurzweil","20.33","St. Martin's Press","09/09/2014","368","9780312616267","The Blood of an Englishman (Agatha Raisin Series #25)","M. C. Beaton","18.8","St. Martin's Press","09/16/2014","304"
"665","2191","1858","9781849686068","QlikView 11 for Developers","Barry Harmsen","53.99","Packt Publishing","11/23/2012","534","9781782160427","Wix 3.6: A Developer's Guide to Windows Installer XML","Nick Ramirez","48.18","Packt Publishing","11/28/2012","488"
"670","2234","1131","9780735669468","Microsoft Visio 2013 Step By Step","Scott Helmers","18.95","Microsoft Press","05/25/2013","592","9780735667006","Microsoft SharePoint 2013 Plain & Simple","Johnathan Lightfoot","20.72","Microsoft Press","05/31/2013","464"
"676","2251","564","9780470474242","Cryptography Engineering: Design Principles and Practical Applications","Niels Ferguson","32.37","Wiley","03/15/2010","384","9780470638019","Audel Millwright's and Mechanic's Guide (Audel Technical Trades Series)","Thomas B. Davis","0.0","Wiley","03/22/2010","1123"
"679","2253","941","9780321948533","Night Photography: From Snapshots to Great Shots","Gabriel Biderman","15.56","Peachpit Press","11/25/2013","240","9780321957610","WordPress: Visual QuickStart Guide","Matt Beck","24.61","Peachpit Press","11/13/2013","288"
"682","2271","471","9781937538354","Capture the Magic: Train Your Eye, Improve Your Photographic Composition","Jack Dykinga","25.34","Rocky Nook","11/25/2013","188","9781937538248","Fine Art Printing for Photographers: Exhibition Quality Prints with Inkjet Printers","Uwe Steinmueller","27.76","Rocky Nook","11/28/2013","356"
"683","2296","1789","9780544236042","Stuff Matters: Exploring the Marvelous Materials That Shape Our Man-Made World","Mark Miodownik","16.45","Houghton Mifflin Harcourt","05/27/2014","272","9780544442788","Beowulf: A Translation and Commentary","J. R. R. Tolkien","18.43","Houghton Mifflin Harcourt","05/22/2014","448"
"688","2326","12","9781118022276","Project Management: A Systems Approach to Planning, Scheduling, and Controlling","Harold R. Kerzner","70.26","Wiley","02/18/2013","1296","9781118537145","Minecraft For Dummies, Portable Edition","Cordeiro","9.99","Wiley","02/11/2013","160"
"692","2326","2164","9781118022276","Project Management: A Systems Approach to Planning, Scheduling, and Controlling","Harold R. Kerzner","70.26","Wiley","02/18/2013","1296","9781118350638","Fabricated: The New World of 3D Printing","Hod Lipson","15.82","Wiley","02/11/2013","320"
"693","2326","2352","9781118022276","Project Management: A Systems Approach to Planning, Scheduling, and Controlling","Harold R. Kerzner","70.26","Wiley","02/18/2013","1296","9781118490372","Excel VBA Programming For Dummies","John Walkenbach","17.84","Wiley","02/26/2013","408"
"698","2333","2143","9781118138915","Fundamentals of Building Construction: Materials and Methods","Edward Allen","95.8","Wiley","10/14/2013","1024","9781118711057","Laptops For Seniors For Dummies","Nancy C. Muir","15.29","Wiley","10/14/2013","480"
"699","2333","2172","9781118138915","Fundamentals of Building Construction: Materials and Methods","Edward Allen","95.8","Wiley","10/14/2013","1024","9781118227787","Guide to US Food Laws and Regulations","Patricia A. Curtis","79.48","Wiley","10/07/2013","344"
"701","2333","2895","9781118138915","Fundamentals of Building Construction: Materials and Methods","Edward Allen","95.8","Wiley","10/14/2013","1024","9781118737637","Beginning Programming with C For Dummies","Dan Gookin","21.19","Wiley","10/28/2013","456"
"706","2348","1782","9781118458341","Building Construction Illustrated","Francis D. K. Ching","38.58","Wiley","02/17/2014","480","9781118833032","Professional C# 5.0 and .NET 4.5.1","Christian Nagel","39.94","Wiley","02/24/2014","1560"
"708","2374","550","9781118116135","Fundamentals of Fluid Mechanics","Wade W. Huebsch","165.76","Wiley","05/15/2012","792","9781118281123","AutoCAD 2013 For Dummies","David Byrnes","22.3","Wiley","05/08/2012","592"
"717","2379","593","9780470501979","Fundamentals of Heat and Mass Transfer","David P. DeWitt","172.05","Wiley","04/12/2011","1072","9780470744581","Functional Programming in C#: Classic Programming Techniques for Modern Projects","Oliver Sturm","25.71","Wiley","04/19/2011","288"
"723","2397","67","9780470903575","Building Codes Illustrated: A Guide to Understanding the 2012 International Building Code","Francis D. K. Ching","37.95","Wiley","07/10/2012","448","9781118169117","Canon EOS 5D Mark III Digital Field Guide","Charlotte K. Lowrie","13.71","Wiley","07/10/2012","304"
"724","2397","319","9780470903575","Building Codes Illustrated: A Guide to Understanding the 2012 International Building Code","Francis D. K. Ching","37.95","Wiley","07/10/2012","448","9781118255940","Autodesk Revit Architecture 2013: No Experience Required","Eric Wing","33.74","Wiley","07/10/2012","1056"
"728","2397","1619","9780470903575","Building Codes Illustrated: A Guide to Understanding the 2012 International Building Code","Francis D. K. Ching","37.95","Wiley","07/10/2012","448","9781118185476","Usable Usability: Simple Steps for Making Stuff Better","Eric Reiss","29.08","Wiley","07/03/2012","256"
"731","2410","3091","9781451692280","The Boom: How Fracking Ignited the American Energy Revolution and Changed the World","Russell Gold","18.94","Simon & Schuster","04/08/2014","384","9781451628302","A Step of Faith (Walk Series #4)","Richard Paul Evans","11.22","Simon & Schuster","04/15/2014","320"
"736","2433","2165","9781118324578","Materials Science and Engineering: An Introduction","David G. Rethwisch","202.56","Wiley","12/04/2013","984","9781118555439","Raspberry Pi Projects","Andrew Robinson","17.38","Wiley","12/31/2013","478"
"744","2476","2793","9781119942535","Making the Modern World: Materials and Dematerialization","Vaclav Smil","36.89","Wiley","12/16/2013","242","9781118335963","Canon EOS 70D For Dummies","Julie Adair King","18.49","Wiley","12/23/2013","352"
"748","2556","928","9780538733526","Probability and Statistics for Engineering and the Sciences","Jay L. Devore","185.87","Cengage Learning","01/01/2011","768","9781111530532","Java Programming: From Problem Analysis to Program Design","D. S. Malik","0.0","Cengage Learning","01/26/2011","1072"
"749","2570","2955","9780486600611","Fundamentals of Astrodynamics (Dover Books on Aeronautical Engineering)","Roger  R. Bate","12.61","Dover Publications","06/01/1971","455","9780486217093","Basic Machines and How They Work","United States Bureau of Naval Personnel","9.95","Dover Publications","06/01/1971","128"
"757","2612","1303","9781118146811","Statistical Quality Control","Douglas C. Montgomery","149.18","Wiley","06/19/2012","768","9783527320806","Electrospinning: Materials, Processing, and Applications","Joachim H. Wendorff","0.0","Wiley","06/05/2012","254"
"772","2623","2597","9780470631553","Microwave Engineering","David M. Pozar","77.95","Wiley","11/22/2011","720","9781118015940","Audel Multi-Craft Industrial Reference","Thomas B. Davis","9.33","Wiley","11/08/2011","192"
"778","2643","1869","9781118086834","Business Data Communications and Networking","Jerry FitzGerald","55.18","Wiley","08/23/2011","608","9780470747735","Hybrid Electric Vehicles: Principles and Applications with Practical Perspectives","Chris Mi","0.0","Wiley","08/23/2011","468"
"779","2643","2904","9781118086834","Business Data Communications and Networking","Jerry FitzGerald","55.18","Wiley","08/23/2011","608","9781118016770","AutoCAD 2012 and AutoCAD LT 2012: No Experience Required","Donnie Gladfelter","27.8","Wiley","08/02/2011","1080"
"794","2730","726","9781118508404","Solidworks 2013 Bible","Matt Lombard","36.37","Wiley","03/11/2013","1296","9781119944539","Introduction to Tribology","Bharat Bhushan","136.04","Wiley","03/25/2013","738"
"797","2730","2704","9781118508404","Solidworks 2013 Bible","Matt Lombard","36.37","Wiley","03/11/2013","1296","9781118394151","Android Design Patterns: Interaction Design Solutions for Developers","Greg Nudelman","29.04","Wiley","03/11/2013","456"
"798","2730","3187","9781118508404","Solidworks 2013 Bible","Matt Lombard","36.37","Wiley","03/11/2013","1296","9781118510421","Teach Yourself VISUALLY PowerPoint 2013","William Wood","19.78","Wiley","03/18/2013","352"
"803","2753","2052","9780470979815","Practical Reliability Engineering","Andre Kleyner","76.1","Wiley","01/30/2012","512","9780470666289","Cable Supported Bridges: Concept and Design","Niels J. Gimsing","147.11","Wiley","01/18/2012","600"
"804","2753","2212","9780470979815","Practical Reliability Engineering","Andre Kleyner","76.1","Wiley","01/30/2012","512","9781118105023","Scenario-Based Training with X-Plane and Microsoft Flight Simulator: Using PC-Based Flight Simulations Based on FAA-Industry Training Standards","Bruce Williams","27.03","Wiley","01/18/2012","624"
"806","2761","981","9781118458358","Building Structures Illustrated: Patterns, Systems, and Design","Francis D. K. Ching","44.24","Wiley","11/11/2013","352","9781118691816","OS X Mavericks All-in-One For Dummies","Mark L. Chambers","25.42","Wiley","11/11/2013","792"
"807","2761","1413","9781118458358","Building Structures Illustrated: Patterns, Systems, and Design","Francis D. K. Ching","44.24","Wiley","11/11/2013","352","9781118643693","Photoshop CC Bible","Lisa DaNae Dayley","33.52","Wiley","11/04/2013","1152"
"808","2761","1844","9781118458358","Building Structures Illustrated: Patterns, Systems, and Design","Francis D. K. Ching","44.24","Wiley","11/11/2013","352","9781118751251","Adventures In Raspberry Pi","Carrie Anne Philbin","16.15","Wiley","11/25/2013","256"
"809","2761","1853","9781118458358","Building Structures Illustrated: Patterns, Systems, and Design","Francis D. K. Ching","44.24","Wiley","11/11/2013","352","9781118677766","MacBook Pro Portable Genius","Galen Gruman","20.56","Wiley","11/11/2013","416"
"810","2761","2680","9781118458358","Building Structures Illustrated: Patterns, Systems, and Design","Francis D. K. Ching","44.24","Wiley","11/11/2013","352","9781118556832","Mastering Microsoft Exchange Server 2013","David Elfassy","38.26","Wiley","11/18/2013","816"
"811","2761","2699","9781118458358","Building Structures Illustrated: Patterns, Systems, and Design","Francis D. K. Ching","44.24","Wiley","11/11/2013","352","9781118745311","Oracle 12c For Dummies","Chris Ruel","24.43","Wiley","11/18/2013","432"
"813","2764","796","9780470584927","Cancer as a Metabolic Disease: On the Origin, Management, and Prevention of Cancer","Thomas Seyfried","111.32","Wiley","06/26/2012","438","9781118281741","AutoCAD 2013: No Experience Required","Donnie Gladfelter","34.12","Wiley","06/19/2012","1104"
"816","2764","2582","9780470584927","Cancer as a Metabolic Disease: On the Origin, Management, and Prevention of Cancer","Thomas Seyfried","111.32","Wiley","06/26/2012","438","9781118130582","Mastering Autodesk Maya 2013","Todd Palamar","47.95","Wiley","06/19/2012","1008"
"818","2764","3131","9780470584927","Cancer as a Metabolic Disease: On the Origin, Management, and Prevention of Cancer","Thomas Seyfried","111.32","Wiley","06/26/2012","438","9781118123898","Adobe Photoshop CS6 Digital Classroom","Jennifer Smith","33.12","Wiley","06/13/2012","448"
"821","2781","1958","9781118891681","Business Data Communications and Networking","Alexandra Durcikova","183.12","Wiley","08/25/2014","416","9781118817094","Cloud Management and Security","Imad M. Abbadi","85.85","Wiley","08/11/2014","240"
"833","2797","1278","9781118131992","Fundamentals of Thermodynamics","Claus Borgnakke","217.05","Wiley","12/26/2012","912","9781118209202","MacBook For Dummies","Mark L. Chambers","18.49","Wiley","12/04/2012","456"
"834","2797","1537","9781118131992","Fundamentals of Thermodynamics","Claus Borgnakke","217.05","Wiley","12/26/2012","912","9781118529331","Apple TV Portable Genius","Guy Hart-Davis","22.05","Wiley","12/26/2012","288"
"836","2802","2199","9780312430023","The Good Soldiers","David Finkel","10.49","Picador","08/03/2010","336","9780312429980","Wolf Hall","Hilary Mantel","9.16","Picador","08/31/2010","640"
"837","2811","11","9781118524664","Project Management Metrics, KPIs, and Dashboards: A Guide to Measuring and Monitoring Project Performance","Harold R. Kerzner","59.64","Wiley","08/12/2013","448","9781118640159","Dreamweaver CC Digital Classroom","Mike Arguin","33.1","Wiley","08/19/2013","512"
"840","2811","1856","9781118524664","Project Management Metrics, KPIs, and Dashboards: A Guide to Measuring and Monitoring Project Performance","Harold R. Kerzner","59.64","Wiley","08/12/2013","448","9781118603819","Mastering AutoCAD Civil 3D 2014: Autodesk Official Press","Louisa Holland","50.1","Wiley","08/26/2013","1032"
"841","2811","3033","9781118524664","Project Management Metrics, KPIs, and Dashboards: A Guide to Measuring and Monitoring Project Performance","Harold R. Kerzner","59.64","Wiley","08/12/2013","448","9781118530832","Professional Access 2013 Programming","Teresa Hennig","38.9","Wiley","08/19/2013","888"
"845","2819","2614","9780470128671","Process Dynamics and Control","Francis J. Doyle III","143.22","Wiley","04/13/2010","528","9780470577646","Teach Yourself VISUALLY Excel 2010","Paul McFedries","17.01","Wiley","04/26/2010","352"
"846","2823","57","9780470474242","Cryptography Engineering: Design Principles and Practical Applications","Niels Ferguson","32.37","Wiley","03/15/2010","384","9780470497425","Local Online Advertising For Dummies","Court Cunningham","18.04","Wiley","03/29/2010","384"
"847","2823","564","9780470474242","Cryptography Engineering: Design Principles and Practical Applications","Niels Ferguson","32.37","Wiley","03/15/2010","384","9780470638019","Audel Millwright's and Mechanic's Guide (Audel Technical Trades Series)","Thomas B. Davis","0.0","Wiley","03/22/2010","1123"
"849","2823","1969","9780470474242","Cryptography Engineering: Design Principles and Practical Applications","Niels Ferguson","32.37","Wiley","03/15/2010","384","9780470502204","Professional ASP.NET 4 in C# and VB","Bill Evjen","43.34","Wiley","03/08/2010","1536"
"861","2847","3035","9781118022283","Project Management: Case Studies","Harold R. Kerzner","53.31","Wiley","02/11/2013","704","9781118197349","PCs For Dummies","Dan Gookin","15.17","Wiley","02/11/2013","360"
"865","2852","113","9780470686829","Upstream Petroleum Fiscal and Valuation Modeling in Excel: A Worked Examples Approach","Ken Kasriel","131.26","Wiley","05/13/2013","370","9781118574904","Introducing Autodesk Maya 2014: Autodesk Official Press","Dariush Derakhshani","34.12","Wiley","05/20/2013","672"
"867","2852","795","9780470686829","Upstream Petroleum Fiscal and Valuation Modeling in Excel: A Worked Examples Approach","Ken Kasriel","131.26","Wiley","05/13/2013","370","9781118497111","Office 2013 For Dummies, Book + DVD Bundle","Wallace Wang","16.65","Wiley","05/13/2013","432"
"872","2852","2401","9780470686829","Upstream Petroleum Fiscal and Valuation Modeling in Excel: A Worked Examples Approach","Ken Kasriel","131.26","Wiley","05/13/2013","370","9781118646144","Dreamweaver CC For Dummies","Janine Warner","21.82","Wiley","05/28/2013","416"
"873","2857","315","9781111576004","Steel Design","William T. Segui","119.02","Cengage Learning","2012","768","9781133525820","New Perspectives on Adobe Dreamweaver CS6, Comprehensive","Kelly Hart","0.0","Cengage Learning","10/30/2012","656"
"877","2880","1024","9780470195659","Mechanical and Electrical Equipment for Buildings","John S. Reynolds","120.59","Wiley","11/24/2009","1792","9780470417997","JavaScript and AJAX For Dummies","Andy Harris","20.48","Wiley","11/23/2009","432"
"880","2880","3142","9780470195659","Mechanical and Electrical Equipment for Buildings","John S. Reynolds","120.59","Wiley","11/24/2009","1792","9780470505359","QuickBooks 2010 For Dummies","Stephen L. Nelson","19.02","Wiley","11/09/2009","408"
"881","2908","3101","9780471720638","Elementary Principles of Chemical Processes, 3rd Edition 2005 Edition Integrated Media and Study Tools, with Student Workbook","Richard M. Felder","227.13","Wiley","02/02/2005","1270","9780764557095","Building Your Own Home For Dummies","Kevin Daum","15.34","Wiley","02/14/2005","384"
"882","2912","644","9781118083475","Mechanics of Materials: An Integrated Learning System","Timothy A. Philpot","148.51","Wiley","06/11/2012","912","9781118101117","Professional Microsoft SQL Server 2012 Reporting Services","Paul Turley","36.41","Wiley","06/05/2012","912"
"889","2912","3174","9781118083475","Mechanics of Materials: An Integrated Learning System","Timothy A. Philpot","148.51","Wiley","06/11/2012","912","9781118336991","Word 2010 eLearning Kit For Dummies","Faithe Wempen","23.91","Wiley","06/13/2012","352"
"895","2968","964","9781118090862","Site Engineering for Landscape Architects","Steven Strom","77.92","Wiley","02/11/2013","368","9781405125062","Financial Management in Construction Contracting","Andrew Ross","0.0","Wiley","02/11/2013","456"
"897","2968","2073","9781118090862","Site Engineering for Landscape Architects","Steven Strom","77.92","Wiley","02/11/2013","368","9781118301296","Red Hat Enterprise Linux 6 Administration: Real World Skills for Red Hat Administrators","Sander van Vugt","40.07","Wiley","02/04/2013","672"
"898","2968","2164","9781118090862","Site Engineering for Landscape Architects","Steven Strom","77.92","Wiley","02/11/2013","368","9781118350638","Fabricated: The New World of 3D Printing","Hod Lipson","15.82","Wiley","02/11/2013","320"
"900","2968","3035","9781118090862","Site Engineering for Landscape Architects","Steven Strom","77.92","Wiley","02/11/2013","368","9781118197349","PCs For Dummies","Dan Gookin","15.17","Wiley","02/11/2013","360"
"903","3004","1704","9780471676003","Medical Instrumentation Application and Design","John G. Webster","199.44","Wiley","02/03/2009","720","9780470411490","Sustainable Landscaping For Dummies","Owen E. Dell","16.18","Wiley","02/09/2009","388"
"907","3017","667","9780470167359","System Engineering Management","Benjamin S. Blanchard","125.59","Wiley","07/28/2008","560","9780470294192","The Best of 2600: A Hacker Odyssey","Emmanuel Goldstein","26.1","Wiley","07/21/2008","888"
"908","3017","2568","9780470167359","System Engineering Management","Benjamin S. Blanchard","125.59","Wiley","07/28/2008","560","9780470249840","Mastering Windows Server 2008 Networking Foundations","Mark Minasi","32.61","Wiley","07/08/2008","528"
"909","3017","2599","9780470167359","System Engineering Management","Benjamin S. Blanchard","125.59","Wiley","07/28/2008","560","9780470267639","A Declaration of Energy Independence: How Freedom from Foreign Oil Can Improve National Security, Our Economy, and the Environment","Jay Hakes","0.0","Wiley","07/21/2008","256"
"912","3028","1586","9780805859065","Handbook of Aviation Human Factors, Second Edition (Human Factors in Transportation)","Daniel J. Garland","136.62","CRC Press","12/16/2009","704","9781439811511","Heating and Cooling of Buildings: Design for Efficiency, Revised Second Edition","Jan F. Kreider","0.0","CRC Press","12/28/2009","863"
"913","3058","451","9780470131480","Radiation Detection and Measurement","Glenn F. Knoll","21.21","Wiley","08/16/2010","860","9780470768792","Twitter For Dummies","Laura Fitton","14.01","Wiley","08/09/2010","312"
"923","3059","2354","9780470088692","The Architecture Student's Handbook of Professional Practice","American Institute of Architects","84.05","Wiley","10/27/2008","720","9780470388488","InDesign CS4 For Dummies","Galen Gruman","21.18","Wiley","10/20/2008","432"
"924","3059","2378","9780470088692","The Architecture Student's Handbook of Professional Practice","American Institute of Architects","84.05","Wiley","10/27/2008","720","9780471666516","Vibration Testing","Kenneth G. McConnell","0.0","Wiley","10/13/2008","672"
"932","3089","2902","9781608194759","Whatever Happened to the Metric System?: How America Kept Its Feet","John Bemelmans Marciano","19.71","Bloomsbury USA","08/05/2014","320","9781620407547","Fives and Twenty-Fives","Michael Pitre","17.5","Bloomsbury USA","08/26/2014","400"
"934","3092","688","9780470481837","Separation Process Principles: Chemical and Biochemical Operations","D. Keith Roper","165.84","Wiley","11/23/2010","848","9780470646489","Quicken 2011 For Dummies","Stephen L. Nelson","18.72","Wiley","11/30/2010","384"
"944","3113","1416","9780470547564","Control Systems Engineering","Norman S. Nise","55.91","Wiley","12/14/2010","944","9781118004722","Nikon D3100 For Dummies","Julie Adair King","18.3","Wiley","12/21/2010","384"
"945","3131","12","9781118129845","Design of Reinforced Concrete","McCormac","142.78","Wiley","02/19/2013","736","9781118537145","Minecraft For Dummies, Portable Edition","Cordeiro","9.99","Wiley","02/11/2013","160"
"952","3140","731","9780470189306","Electromagnetic Compatibility Engineering","Henry W. Ott","115.92","Wiley","08/24/2009","872","9780470371985","Windows PowerShell 2 For Dummies","Steve Seguis","19.54","Wiley","08/10/2009","412"
"965","3185","2904","9781119998952","Design for Hackers: Reverse Engineering Beauty","David Kadavy","26.67","Wiley","08/29/2011","352","9781118016770","AutoCAD 2012 and AutoCAD LT 2012: No Experience Required","Donnie Gladfelter","27.8","Wiley","08/02/2011","1080"
"966","3185","2937","9781119998952","Design for Hackers: Reverse Engineering Beauty","David Kadavy","26.67","Wiley","08/29/2011","352","9781118016862","Microsoft Windows Server Administration Essentials","Tom Carpenter","25.28","Wiley","08/30/2011","400"
"975","3216","1020","9781430258247","Beginning Sensor Networks with Arduino and Raspberry Pi (Technology in Action)","Charles Bell","31.01","Apress","11/21/2013","372","9781430258247","Beginning Sensor Networks with Arduino and Raspberry Pi","Charles Bell","30.7","Apress","11/20/2013","372"
"984","3230","30","9780470614815","Engineering Mechanics: Dynamics","J. L. Meriam","163.19","Wiley","03/19/2012","752","9781118091340","iPhone Application Development For Dummies","Neal Goldstein","22.04","Wiley","03/06/2012","464"
"985","3230","81","9780470614815","Engineering Mechanics: Dynamics","J. L. Meriam","163.19","Wiley","03/19/2012","752","9781118107874","App Empire: Make Money, Have a Life, and Let Technology Work for You","Chad Mureta","14.89","Wiley","03/27/2012","205"
"993","3270","981","9781118539712","Applied Statistics and Probability for Engineers","Douglas C. Montgomery","184.97","Wiley","11/11/2013","832","9781118691816","OS X Mavericks All-in-One For Dummies","Mark L. Chambers","25.42","Wiley","11/11/2013","792"
"999","3281","12","9781118017128","Energy Finance: Analysis and Valuation, Risk Management, and the Future of Energy","Betty Simkins","76.48","Wiley","02/19/2013","624","9781118537145","Minecraft For Dummies, Portable Edition","Cordeiro","9.99","Wiley","02/11/2013","160"
"1002","3281","2073","9781118017128","Energy Finance: Analysis and Valuation, Risk Management, and the Future of Energy","Betty Simkins","76.48","Wiley","02/19/2013","624","9781118301296","Red Hat Enterprise Linux 6 Administration: Real World Skills for Red Hat Administrators","Sander van Vugt","40.07","Wiley","02/04/2013","672"
"1004","3281","2352","9781118017128","Energy Finance: Analysis and Valuation, Risk Management, and the Future of Energy","Betty Simkins","76.48","Wiley","02/19/2013","624","9781118490372","Excel VBA Programming For Dummies","John Walkenbach","17.84","Wiley","02/26/2013","408"
"1005","3281","3035","9781118017128","Energy Finance: Analysis and Valuation, Risk Management, and the Future of Energy","Betty Simkins","76.48","Wiley","02/19/2013","624","9781118197349","PCs For Dummies","Dan Gookin","15.17","Wiley","02/11/2013","360"
"1014","3316","2835","9780470913475","An Introduction to Applied Statistical Thermodynamics","Stanley I. Sandler","116.13","Wiley","11/16/2010","360","9780470889527","Website Design and Development: 100 Questions to Ask Before Building a Website","George Plumley","21.2","Wiley","11/30/2010","360"
"1018","3334","18","9781118120149","Principles of Highway Engineering and Traffic Analysis","Fred L. Mannering","140.56","Wiley","03/27/2012","352","9781118148655","CompTIA Network+ Certification Kit: Exam N10-005","Todd Lammle","66.75","Wiley","03/20/2012","1584"
"1026","3335","155","9781118552537","Project Management Workbook and PMP / CAPM Exam Study Guide","Frank P. Saladis","65.42","Wiley","07/01/2013","544","9781118575024","AutoCAD Civil 3D 2014 Essentials: Autodesk Official Press","Eric Chappell","36.47","Wiley","07/01/2013","416"
"1027","3335","158","9781118552537","Project Management Workbook and PMP / CAPM Exam Study Guide","Frank P. Saladis","65.42","Wiley","07/01/2013","544","9780470686133","Adaptive Processing of Brain Signals","Saeid Sanei","99.4","Wiley","07/15/2013","468"
"1028","3335","166","9781118552537","Project Management Workbook and PMP / CAPM Exam Study Guide","Frank P. Saladis","65.42","Wiley","07/01/2013","544","9781118575048","Mastering AutoCAD 2014 and AutoCAD LT 2014: Autodesk Official Press","George Omura","36.44","Wiley","07/01/2013","1248"
"1029","3335","188","9781118552537","Project Management Workbook and PMP / CAPM Exam Study Guide","Frank P. Saladis","65.42","Wiley","07/01/2013","544","9781118575109","AutoCAD 2014 and AutoCAD LT 2014: No Experience Required: Autodesk Official Press","Donnie Gladfelter","25.24","Wiley","07/29/2013","1104"
"1030","3335","224","9781118552537","Project Management Workbook and PMP / CAPM Exam Study Guide","Frank P. Saladis","65.42","Wiley","07/01/2013","544","9781118575208","Autodesk Inventor 2014 Essentials: Autodesk Official Press","Thom Tremblay","32.14","Wiley","07/29/2013","416"
"1031","3335","671","9781118552537","Project Management Workbook and PMP / CAPM Exam Study Guide","Frank P. Saladis","65.42","Wiley","07/01/2013","544","9781118568118","Advanced Aircraft Design: Conceptual Design, Technology and Optimization of Subsonic Civil Airplanes","Egbert Torenbeek","102.96","Wiley","07/15/2013","436"
"1038","3345","1125","9781118061602","Fundamentals of Materials Science and Engineering: An Integrated Approach","William D. Callister","161.08","Wiley","05/22/2012","936","9781119953708","Lean Six Sigma For Dummies","John Morgan","16.64","Wiley","05/08/2012","320"
"1040","3345","1403","9781118061602","Fundamentals of Materials Science and Engineering: An Integrated Approach","William D. Callister","161.08","Wiley","05/22/2012","936","9781118176719","Virtualization Essentials","Matthew Portnoy","29.39","Wiley","05/01/2012","304"
"1044","3361","451","9780470721445","Geographic Information Systems and Science","Mike Goodchild","110.75","Wiley","08/09/2010","560","9780470768792","Twitter For Dummies","Laura Fitton","14.01","Wiley","08/09/2010","312"
"1049","3361","2142","9780470721445","Geographic Information Systems and Science","Mike Goodchild","110.75","Wiley","08/09/2010","560","9780470879504","Olympus PEN E-PL1 For Dummies","Julie Adair King","21.43","Wiley","08/09/2010","352"
"1060","3364","1278","9780470648209","The PDMA Handbook of New Product Development","Kenneth B. Kahn","103.75","Wiley","12/26/2012","504","9781118209202","MacBook For Dummies","Mark L. Chambers","18.49","Wiley","12/04/2012","456"
"1066","3388","798","9781118741498","Environmental Engineering: Fundamentals, Sustainability, Design","James R. Mihelcic","190.42","Wiley","01/13/2014","704","9781118617618","Architecting the Cloud: Design Decisions for Cloud Computing Service Models (SaaS, PaaS, and IaaS)","Michael J. Kavis","35.53","Wiley","01/28/2014","224"
"1068","3388","857","9781118741498","Environmental Engineering: Fundamentals, Sustainability, Design","James R. Mihelcic","190.42","Wiley","01/13/2014","704","9781118789810","CCNA Routing and Switching Review Guide: Exams 100-101, 200-101, and 200-120","Todd Lammle","19.94","Wiley","01/13/2014","528"
"1072","3409","1122","9780470444030","Unified Design of Steel Structures","Louis F. Geschwindner","122.2","Wiley","12/20/2011","540","9781118118696","MacBook All-in-One For Dummies","Mark L. Chambers","24.71","Wiley","12/27/2011","864"
"1075","3409","2453","9780470444030","Unified Design of Steel Structures","Louis F. Geschwindner","122.2","Wiley","12/20/2011","540","9780470888469","Teach Yourself VISUALLY PCs","Elaine Marmel","21.2","Wiley","12/28/2011","352"
"1090","3445","928","9780495668251","A First Course in the Finite Element Method","Daryl L. Logan","159.54","Cengage Learning","01/01/2011","976","9781111530532","Java Programming: From Problem Analysis to Program Design","D. S. Malik","0.0","Cengage Learning","01/26/2011","1072"
"1096","3466","1278","9780470259610","Engineering and Chemical Thermodynamics","Milo D. Koretsky","211.31","Wiley","12/17/2012","704","9781118209202","MacBook For Dummies","Mark L. Chambers","18.49","Wiley","12/04/2012","456"
"1098","3466","2851","9780470259610","Engineering and Chemical Thermodynamics","Milo D. Koretsky","211.31","Wiley","12/17/2012","704","9781118123096","Architectural Design with SketchUp: Component-Based Modeling, Plugins, Rendering, and Scripting","Alexander Schreyer","34.05","Wiley","12/04/2012","320"
