"pairId:INTEGER","amzn.id:INTEGER","bnn.id:INTEGER","amzn.ISBN_13:INTEGER","amzn.Title:TEXT","amzn.Author:TEXT","amzn.Price:FLOAT","amzn.Publisher:TEXT","amzn.Publication_date:TEXT","amzn.Pages:INTEGER","bnn.ISBN_13:TEXT","bnn.Title:TEXT","bnn.Author:TEXT","bnn.Price:FLOAT","bnn.Publisher:TEXT","bnn.Publication_date:TEXT","bnn.Pages:INTEGER","label:INTEGER"
"2","11","212","9781476770383","Revival: A Novel","Stephen King","18.0","Scribner","11/11/2014","416","9781476770383","Revival","Stephen King","19.48","Scribner","11/11/2014","416","1"
"3","12","444","9780374187613","Lila: A Novel","Marilynne Robinson","15.6","Farrar, Straus and Giroux","10/07/2014","272","9780374187613","Lila","Marilynne Robinson","15.99","Farrar, Straus and Giroux","10/07/2014","272","1"
"5","14","1067","9780756410438","The Slow Regard of Silent Things","Patrick Rothfuss","11.37","DAW Hardcover","10/28/2014","176","9780756408992","Closer to Home: Book One of Herald Spy","Mercedes Lackey","16.73","DAW Hardcover","10/07/2014","368","0"
"11","28","744","9780316055437","The Goldfinch: A Novel (Pulitzer Prize for Fiction) (National Book Critics Circle Award: Fiction Finalists)","Donna Tartt","17.95","Little, Brown and Company","10/22/2013","775","9780316055437","The Goldfinch","Donna Tartt","17.95","Little, Brown and Company","10/22/2013","784","1"
"15","42","367","9781476728209","The Mistletoe Promise","Richard Paul Evans","13.48","Simon & Schuster","11/18/2014","272","9781476763125","The Cinderella Murder (Under Suspicion Series #1)","Mary Higgins Clark","19.58","Simon & Schuster","11/18/2014","320","0"
"18","55","1004","9781439138335","Nora Webster: A Novel","Colm Toibin","16.2","Scribner","10/07/2014","384","9781439138335","Nora Webster","Colm Toibin","16.6","Scribner","10/07/2014","384","1"
"21","78","1604","9781451681758","The Light Between Oceans: A Novel","M.L. Stedman","9.5","Scribner","04/02/2013","352","9781451681758","The Light Between Oceans","M. L. Stedman","9.59","Scribner","04/02/2013","345","1"
"23","102","366","9780451468222","Winter of the World: Book Two of the Century Trilogy","Ken Follett","8.13","Signet","08/26/2014","928","9780451468222","Winter of the World (The Century Trilogy #2)","Ken Follett","9.99","Signet","08/26/2014","928","1"
"27","107","1232","9781476756660","We Are Not Ourselves: A Novel","Matthew Thomas","16.8","Simon & Schuster","08/19/2014","640","9781476756660","We Are Not Ourselves","Matthew Thomas","17.22","Simon & Schuster","08/19/2014","640","1"
"36","140","64","9781555976903","Citizen: An American Lyric","Claudia Rankine","12.46","Graywolf Press","10/07/2014","160","9781555976903","Citizen: An American Lyric","Claudia Rankine","12.71","Graywolf Press","10/07/2014","160","1"
"47","156","2731","9781250010711","The Silent Sister","Diane Chamberlain","16.59","St. Martin's Press","10/07/2014","352","9781250054951","Anything He Wants & Castaway","Sara Fawkes","11.11","St. Martin's Press","10/21/2014","672","0"
"48","170","1855","9781439187036","A Sudden Light: A Novel","Garth Stein","18.86","Simon & Schuster","09/30/2014","416","9781439187036","A Sudden Light","Garth Stein","19.33","Simon & Schuster","09/30/2014","416","1"
"50","197","1573","9781250045645","Seventh Grave and No Body (Charley Davidson)","Darynda Jones","16.73","St. Martin's Press","10/21/2014","336","9781250052001","Full Measure","T. Jefferson Parker","18.65","St. Martin's Press","10/07/2014","288","0"
"55","201","519","9781455581122","Mean Streak","Sandra Brown","23.4","Grand Central Publishing","08/19/2014","416","9781455529285","Slow Satisfaction","Cecilia Tan","7.0","Grand Central Publishing","08/26/2014","336","0"
"58","208","2546","9780743297332","The Sun Also Rises","Ernest Hemingway","8.48","Scribner","10/17/2006","251","9780743297332","The Sun Also Rises","Ernest Hemingway","9.14","Scribner","10/17/2006","256","1"
"59","217","470","9780684801223","The Old Man and The Sea","Ernest Hemingway","6.78","Scribner","05/05/1995","128","9780684801223","The Old Man and the Sea","Ernest Hemingway","7.05","Scribner","05/28/1995","128","1"
"65","222","2245","9781250010650","The Christmas Light","Donna VanLiere","13.48","St. Martin's Press","10/14/2014","224","9781250010711","The Silent Sister","Diane Chamberlain","16.59","St. Martin's Press","10/07/2014","352","0"
"66","222","2329","9781250010650","The Christmas Light","Donna VanLiere","13.48","St. Martin's Press","10/14/2014","224","9781250045645","Seventh Grave and No Body (Charley Davidson Series #7)","Darynda Jones","16.73","St. Martin's Press","10/21/2014","336","0"
"71","246","1361","9781455529780","Private Down Under","James Patterson","11.84","Grand Central Publishing","08/26/2014","384","9781455529780","Private Down Under","James Patterson","11.84","Grand Central Publishing","08/26/2014","384","1"
"73","254","2013","9781451698855","Doctor Sleep","Stephen King","13.6","Gallery Books","06/10/2014","560","9781476766669","Rusty Nailed (Cocktail Series #2)","Alice Clayton","11.07","Gallery Books","06/24/2014","320","0"
"79","269","2069","9781451626650","Catch-22: 50th Anniversary Edition","Joseph Heller","10.52","Simon & Schuster","04/05/2011","544","9781416596585","In the Plex: How Google Thinks, Works, and Shapes Our Lives","Steven Levy","0.0","Simon & Schuster","04/12/2011","432","0"
"81","270","1743","9780316376112","Winter Street","Elin Hilderbrand","22.5","Little, Brown and Company","10/14/2014","256","9780316074292","The Luminaries","Eleanor Catton","11.7","Little, Brown and Company","10/07/2014","864","0"
"84","290","2326","9780544173767","The Princess Bride: An Illustrated Edition of S. Morgenstern's Classic Tale of True Love and High Adventure","William Goldman","19.53","Houghton Mifflin Harcourt","11/05/2013","496","9780544173767","The Princess Bride: An Illustrated Edition of S. Morgenstern's Classic Tale of True Love and High Adventure","William Goldman","19.92","Houghton Mifflin Harcourt","11/05/2013","496","1"
"86","293","1591","9781250020055","The Perfect Witness: A Novel","Iris Johansen","19.01","St. Martin's Press","09/30/2014","352","9780312616267","The Blood of an Englishman (Agatha Raisin Series #25)","M. C. Beaton","18.8","St. Martin's Press","09/16/2014","304","0"
"90","309","1615","9780316246620","Ancillary Justice (Imperial Radch)","Ann Leckie","15.0","Orbit","10/01/2013","416","9780316254199","Black Butler, Volume 15","Yana Toboso (Created by)","9.75","Orbit","10/29/2013","176","0"
"92","325","1685","9781250027702","Betrayed: A Rosato & DiNunzio Novel","Lisa Scottoline","17.7","St. Martin's Press","11/25/2014","352","9781250027702","Betrayed (Rosato & Associates Series #13)","Lisa Scottoline","17.87","St. Martin's Press","11/25/2014","352","1"
"97","366","1004","9781476784328","The Girl Next Door: A Novel","Ruth Rendell","14.94","Scribner","10/07/2014","288","9781439138335","Nora Webster","Colm Toibin","16.6","Scribner","10/07/2014","384","0"
"98","394","141","9781612183954","Pines (The Wayward Pines Trilogy Book 1)","Blake Crouch","11.99","Thomas & Mercer","08/21/2012","320","9781612183954","Pines","Blake Crouch","11.93","Thomas & Mercer","08/21/2012","319","1"
"100","397","1912","9780451414717","A Midwinter's Tail: A Magical Cats Mystery","Sofie Kelly","6.0","Signet","10/07/2014","336","9780451414717","A Midwinter's Tail: A Magical Cats Mystery","Sofie Kelly","7.99","Signet","10/07/2014","336","1"
"104","415","732","9780316230070","So We Read On: How The Great Gatsby Came to Be and Why It Endures","Maureen Corrigan","23.4","Little, Brown and Company","09/09/2014","352","9780316211048","Burn (Michael Bennett Series #7)","James Patterson","16.8","Little, Brown and Company","09/29/2014","432","0"
"117","514","734","9781476779720","Change of Heart","Jude Deveraux","6.0","Pocket Books","10/21/2014","400","9781476790589","Christopher's Diary: Secrets of Foxworth","V. C. Andrews","7.99","Pocket Books","10/28/2014","352","0"
"118","521","1558","9780312427290","The Red Tent: A Novel","Anita Diamant","10.27","Picador","08/21/2007","352","9780312427290","Red Tent (10th Anniversary Edition)","Anita Diamant","10.49","Picador","08/21/2007","352","1"
"124","556","700","9781421575865","Princess Mononoke: The First Story","Hayao Miyazaki","22.13","VIZ Media LLC","10/21/2014","104","9781421573915","Vampire Knight, Vol. 19","Matsuri Hino","9.99","VIZ Media LLC","10/14/2014","208","0"
"125","574","546","9781455515813","Cross My Heart (Alex Cross)","James Patterson","14.4","Grand Central Publishing","09/30/2014","448","9781455521180","The Target (Will Robie Series #3)","David Baldacci","11.84","Grand Central Publishing","09/16/2014","464","0"
"132","629","2","9781250029911","Son of No One (Dark-Hunter Novels)","Sherrilyn Kenyon","16.65","St. Martin's Press","09/02/2014","432","9781250046635","Virtually Human: The Promise---and the Peril---of Digital Immortality","Martine Rothblatt","20.53","St. Martin's Press","09/09/2014","368","0"
"135","629","2575","9781250029911","Son of No One (Dark-Hunter Novels)","Sherrilyn Kenyon","16.65","St. Martin's Press","09/02/2014","432","9781250054531","Accused (Rosato & Associates Series #12)","Lisa Scottoline","12.28","St. Martin's Press","09/09/2014","384","0"
"139","635","2329","9781250052001","Full Measure: A Novel","T. Jefferson Parker","18.65","St. Martin's Press","10/07/2014","288","9781250045645","Seventh Grave and No Body (Charley Davidson Series #7)","Darynda Jones","16.73","St. Martin's Press","10/21/2014","336","0"
"142","655","421","9781455553617","Reunion: A Novel","Hannah Pittard","22.5","Grand Central Publishing","10/07/2014","288","9781455553617","Reunion: A Novel","Hannah Pittard","21.25","Grand Central Publishing","10/07/2014","288","1"
"143","655","623","9781455553617","Reunion: A Novel","Hannah Pittard","22.5","Grand Central Publishing","10/07/2014","288","9781455529544","One in a Million (Lucky Harbor Series #12)","Jill Shalvis","6.4","Grand Central Publishing","10/14/2014","352","0"
"145","656","1231","9781416586296","Half Broke Horses: A True-Life Novel","Jeannette Walls","9.69","Scribner","09/07/2010","272","9781416586296","Half Broke Horses: A True-Life Novel","Jeannette Walls","9.78","Scribner","09/07/2010","288","1"
"155","714","2504","9781476783598","Halo: Broken Circle","John Shirley","10.12","Gallery Books","11/04/2014","352","9781476792491","After We Collided","Anna Todd","10.25","Gallery Books","11/18/2014","688","0"
"157","726","366","9780451417060","The King: A Novel of the Black Dagger Brotherhood","J.R. Ward","5.78","Signet","08/26/2014","640","9780451468222","Winter of the World (The Century Trilogy #2)","Ken Follett","9.99","Signet","08/26/2014","928","0"
"159","732","472","9781455519149","Egghead: Or, You Can't Survive on Ideas Alone","Bo Burnham","22.0","Grand Central Publishing","10/01/2013","240","9781455578313","This Man","Jodi Ellen Malpas","11.99","Grand Central Publishing","10/22/2013","480","0"
"168","774","229","9781476749235","Windigo Island: A Novel (Cork O'Connor Mystery Series)","William Kent Krueger","16.75","Atria Books","08/19/2014","352","9781476702995","The House We Grew Up In","Lisa Jewell","16.56","Atria Books","08/12/2014","400","0"
"172","776","2016","9781607064398","The Walking Dead, Book 7","Robert Kirkman","23.79","Image Comics","10/18/2011","304","9781607064398","The Walking Dead, Book Seven","Robert Kirkman","24.02","Image Comics","10/31/2011","304","1"
"179","798","1584","9781476703398","Paw and Order: A Chet and Bernie Mystery (The Chet and Bernie Mystery Series)","Spencer Quinn","18.14","Atria Books","08/05/2014","320","9781476749235","Windigo Island (Cork O'Connor Series #14)","William Kent Krueger","16.75","Atria Books","08/19/2014","352","0"
"183","827","1573","9781250048264","Bathing the Lion","Jonathan Carroll","16.43","St. Martin's Press","10/21/2014","288","9781250052001","Full Measure","T. Jefferson Parker","18.65","St. Martin's Press","10/07/2014","288","0"
"193","836","2786","9781455575992","The Gods of Guilt (A Lincoln Lawyer Novel)","Michael Connelly","15.0","Grand Central Publishing","05/06/2014","416","9781455575992","The Gods of Guilt (Mickey Haller Series #5)","Michael Connelly","10.49","Grand Central Publishing","05/06/2014","416","1"
"199","840","2324","9781586638474","Julius Caesar (No Fear Shakespeare)","SparkNotes","5.65","SparkNotes","07/03/2003","256","9781586638528","Othello (No Fear Shakespeare)","SparkNotes","5.95","SparkNotes","07/15/2003","320","0"
"207","906","1320","9780786891481","Deadly Heat (Nikki Heat)","Richard Castle","6.99","Kingswell","09/30/2014","416","9781401324810","Raging Heat (Nikki Heat Series #6)","Richard Castle","15.51","Kingswell","09/16/2014","304","0"
"209","907","1201","9780316370134","Neverhome: A Novel","Laird Hunt","23.4","Little, Brown and Company","09/09/2014","256","9780316228596","The Casual Vacancy","J. K. Rowling","8.5","Little, Brown and Company","09/30/2014","656","0"
"210","907","2114","9780316370134","Neverhome: A Novel","Laird Hunt","23.4","Little, Brown and Company","09/09/2014","256","9780316370134","Neverhome","Laird Hunt","19.99","Little, Brown and Company","09/09/2014","256","1"
"213","918","623","9781455586301","Darling Beast (Maiden Lane)","Elizabeth Hoyt","7.2","Grand Central Publishing","10/14/2014","352","9781455529544","One in a Million (Lucky Harbor Series #12)","Jill Shalvis","6.4","Grand Central Publishing","10/14/2014","352","0"
"223","980","1116","9781250049377","Landline","Rainbow Rowell","15.8","St. Martin's Press","07/08/2014","320","9781250042651","Her Last Breath (Kate Burkholder Series #5)","Linda Castillo","12.12","St. Martin's Press","07/08/2014","336","0"
"226","982","1576","9781416516934","Wolves of the Calla (The Dark Tower, Book 5)","Stephen King","8.99","Pocket Books","01/24/2006","960","9781416516934","The Dark Tower V: Wolves of the Calla","Stephen King","9.99","Pocket Books","01/24/2006","960","1"
"234","1043","1584","9780743499316","Zane's The Other Side of the Pillow: A Novel","Zane","15.96","Atria Books","08/05/2014","288","9781476749235","Windigo Island (Cork O'Connor Series #14)","William Kent Krueger","16.75","Atria Books","08/19/2014","352","0"
"236","1054","2450","9780374534158","My Struggle: Book 2: A Man in Love","Karl Ove Knausgaard","11.94","Farrar, Straus and Giroux","06/03/2014","608","9780374534158","My Struggle, Book Two: A Man in Love","Karl Ove Knausgaard","12.06","Farrar, Straus and Giroux","06/03/2014","608","1"
"238","1091","546","9781455582341","How Google Works","Eric Schmidt","17.99","Grand Central Publishing","09/23/2014","304","9781455521180","The Target (Will Robie Series #3)","David Baldacci","11.84","Grand Central Publishing","09/16/2014","464","0"
"239","1091","1636","9781455582341","How Google Works","Eric Schmidt","17.99","Grand Central Publishing","09/23/2014","304","9781455556656","Moonlight Raider","Amanda Scott","6.8","Grand Central Publishing","09/30/2014","400","0"
"246","1103","2228","9781118531648","JavaScript and JQuery: Interactive Front-End Web Development","Jon Duckett","26.67","Wiley","06/30/2014","640","9781118822661","SketchUp 2014 For Dummies","Aidan Chopra","18.81","Wiley","06/23/2014","492","0"
"250","1105","984","9781118008188","HTML and CSS: Design and Build Websites","Jon Duckett","17.39","Wiley","11/08/2011","512","9780470942192","Teach Yourself VISUALLY iPhone 4S","Guy Hart-Davis","15.18","Wiley","11/15/2011","320","0"
"253","1105","2597","9781118008188","HTML and CSS: Design and Build Websites","Jon Duckett","17.39","Wiley","11/08/2011","512","9781118015940","Audel Multi-Craft Industrial Reference","Thomas B. Davis","9.33","Wiley","11/08/2011","192","0"
"262","1189","981","9781118661468","Data Smart: Using Data Science to Transform Information into Insight","John W. Foreman","29.68","Wiley","11/04/2013","432","9781118691816","OS X Mavericks All-in-One For Dummies","Mark L. Chambers","25.42","Wiley","11/11/2013","792","0"
"268","1195","686","9780321827333","Adobe Photoshop CS6 Classroom in a Book","Adobe Creative Team","34.41","Adobe Press","06/01/2012","432","9780321822444","Adobe Fireworks CS6 Classroom in a Book","Adobe Creative Team","34.69","Adobe Press","06/28/2012","352","0"
"271","1198","1468","9781118490396","Excel 2013 Power Programming with VBA","John Walkenbach","28.99","Wiley","04/01/2013","1104","9780470751848","Radio Propagation Measurement and Channel Modelling","Sana Salous","102.72","Wiley","04/22/2013","422","0"
"272","1198","1658","9781118490396","Excel 2013 Power Programming with VBA","John Walkenbach","28.99","Wiley","04/01/2013","1104","9781118554210","Raspberry Pi For Dummies","Sean McManus","15.24","Wiley","04/15/2013","432","0"
"274","1198","3025","9781118490396","Excel 2013 Power Programming with VBA","John Walkenbach","28.99","Wiley","04/01/2013","1104","9781118213704","PHP, MySQL, JavaScript & HTML5 All-in-One For Dummies","Steve Suehring","26.87","Wiley","04/01/2013","720","0"
"276","1210","284","9781118490358","Access 2013 Bible","Michael Alexander","32.06","Wiley","04/29/2013","1296","9781118329580","Windows For Tablets For Dummies","Andy Rathbone","15.6","Wiley","04/01/2013","312","0"
"277","1210","527","9781118490358","Access 2013 Bible","Michael Alexander","32.06","Wiley","04/29/2013","1296","9781118543191","Android Tablets For Dummies","Dan Gookin","18.49","Wiley","04/29/2013","320","0"
"278","1210","1468","9781118490358","Access 2013 Bible","Michael Alexander","32.06","Wiley","04/29/2013","1296","9780470751848","Radio Propagation Measurement and Channel Modelling","Sana Salous","102.72","Wiley","04/22/2013","422","0"
"279","1210","1658","9781118490358","Access 2013 Bible","Michael Alexander","32.06","Wiley","04/29/2013","1296","9781118554210","Raspberry Pi For Dummies","Sean McManus","15.24","Wiley","04/15/2013","432","0"
"281","1210","3025","9781118490358","Access 2013 Bible","Michael Alexander","32.06","Wiley","04/29/2013","1296","9781118213704","PHP, MySQL, JavaScript & HTML5 All-in-One For Dummies","Steve Suehring","26.87","Wiley","04/01/2013","720","0"
"290","1220","993","9781118488768","The New Rules of Marketing & PR: How to Use Social Media, Online Video, Mobile Applications, Blogs, News Releases, and Viral Marketing to Reach Buyers Directly","David Meerman Scott","13.2","Wiley","07/01/2013","464","9781118607787","Starting an Online Business For Dummies","Greg Holden","20.09","Wiley","07/10/2013","456","0"
"295","1229","36","9781118549360","Exploring Arduino: Tools and Techniques for Engineering Wizardry","Jeremy Blum","23.09","Wiley","07/12/2013","384","9781118541906","Microsoft Exchange Server 2013: Design, Deploy and Deliver an Enterprise Messaging Solution","Nathan Winters","37.4","Wiley","07/29/2013","408","0"
"299","1229","188","9781118549360","Exploring Arduino: Tools and Techniques for Engineering Wizardry","Jeremy Blum","23.09","Wiley","07/12/2013","384","9781118575109","AutoCAD 2014 and AutoCAD LT 2014: No Experience Required: Autodesk Official Press","Donnie Gladfelter","25.24","Wiley","07/29/2013","1104","0"
"303","1229","1909","9781118549360","Exploring Arduino: Tools and Techniques for Engineering Wizardry","Jeremy Blum","23.09","Wiley","07/12/2013","384","9781118554807","Blog Design For Dummies","Melissa Culbertson","19.57","Wiley","07/15/2013","352","0"
"309","1232","2487","9781430265290","Pro ASP.NET MVC 5 (Expert's Voice in ASP.Net)","Adam Freeman","37.31","Apress","12/20/2013","832","9781430261872","Oracle Database 12c Performance Tuning Recipes: A Problem-Solution Approach","Sam Alapati","41.24","Apress","12/31/2013","636","0"
"315","1249","224","9781118530801","The Data Warehouse Toolkit: The Definitive Guide to Dimensional Modeling","Ralph Kimball","46.98","Wiley","07/01/2013","600","9781118575208","Autodesk Inventor 2014 Essentials: Autodesk Official Press","Thom Tremblay","32.14","Wiley","07/29/2013","416","0"
"316","1249","671","9781118530801","The Data Warehouse Toolkit: The Definitive Guide to Dimensional Modeling","Ralph Kimball","46.98","Wiley","07/01/2013","600","9781118568118","Advanced Aircraft Design: Conceptual Design, Technology and Optimization of Subsonic Civil Airplanes","Egbert Torenbeek","102.96","Wiley","07/15/2013","436","0"
"319","1249","2166","9781118530801","The Data Warehouse Toolkit: The Definitive Guide to Dimensional Modeling","Ralph Kimball","46.98","Wiley","07/01/2013","600","9781118653746","Teach Yourself VISUALLY Complete Excel","Paul McFedries","25.2","Wiley","07/22/2013","600","0"
"320","1249","2945","9781118530801","The Data Warehouse Toolkit: The Definitive Guide to Dimensional Modeling","Ralph Kimball","46.98","Wiley","07/01/2013","600","9781118549360","Exploring Arduino: Tools and Techniques for Engineering Wizardry","Jeremy Blum","23.09","Wiley","07/22/2013","384","0"
"330","1290","216","9781118612040","Tableau Your Data!: Fast and Easy Visual Analysis with Tableau Software","Dan Murray","29.74","Wiley","11/11/2013","528","9781118511886","Electrical Overstress (EOS): Devices, Circuits and Systems","Steven H. Voldman","89.83","Wiley","11/11/2013","368","0"
"331","1290","981","9781118612040","Tableau Your Data!: Fast and Easy Visual Analysis with Tableau Software","Dan Murray","29.74","Wiley","11/11/2013","528","9781118691816","OS X Mavericks All-in-One For Dummies","Mark L. Chambers","25.42","Wiley","11/11/2013","792","0"
"332","1290","1413","9781118612040","Tableau Your Data!: Fast and Easy Visual Analysis with Tableau Software","Dan Murray","29.74","Wiley","11/11/2013","528","9781118643693","Photoshop CC Bible","Lisa DaNae Dayley","33.52","Wiley","11/04/2013","1152","0"
"338","1295","832","9780470475355","Excel 2010 Power Programming with VBA","John Walkenbach","26.35","Wiley","05/10/2010","1080","9780470597750","Creative Black and White: Digital Photography Tips and Techniques","Harold Davis","17.8","Wiley","05/10/2010","240","0"
"340","1295","2660","9780470475355","Excel 2010 Power Programming with VBA","John Walkenbach","26.35","Wiley","05/10/2010","1080","9780470487662","Word 2010 All-in-One For Dummies","Doug Lowe","22.4","Wiley","05/24/2010","648","0"
"341","1295","3036","9780470475355","Excel 2010 Power Programming with VBA","John Walkenbach","26.35","Wiley","05/10/2010","1080","9780470487716","Outlook 2010 For Dummies","Bill Dyszel","14.86","Wiley","05/03/2010","384","0"
"345","1321","74","9781118766576","About Face: The Essentials of Interaction Design","Alan Cooper","33.31","Wiley","09/02/2014","720","9781118968017","Home Recording For Musicians For Dummies","Jeff Strong","19.88","Wiley","09/29/2014","384","0"
"348","1321","1415","9781118766576","About Face: The Essentials of Interaction Design","Alan Cooper","33.31","Wiley","09/02/2014","720","9781118766576","About Face: The Essentials of Interaction Design","Alan Cooper","33.31","Wiley","09/02/2014","720","1"
"349","1321","2621","9781118766576","About Face: The Essentials of Interaction Design","Alan Cooper","33.31","Wiley","09/02/2014","720","9781118745083","Architecture: Form, Space, and Order","Francis D. K. Ching","42.81","Wiley","09/29/2014","464","0"
"351","1343","156","9780321934406","The Adobe Photoshop Lightroom 5 Book: The Complete Guide for Photographers","Martin Evening","38.72","Adobe Press","07/10/2013","736","9780321919410","Adobe Dreamweaver CC Classroom in a Book","Adobe Creative Team","38.89","Adobe Press","07/29/2013","448","0"
"355","1356","825","9781430265955","Practical Node.js: Building Real-World Scalable Web Apps","Azat Mardan","30.37","Apress","07/09/2014","300","9781430265955","Practical Node.js: Building Real-World Scalable Web Apps","Azat Mardan","30.37","Apress","07/31/2014","300","1"
"358","1369","74","9781118896655","Inbound Marketing, Revised and Updated: Attract, Engage, and Delight Customers Online","Brian Halligan","12.59","Wiley","09/02/2014","224","9781118968017","Home Recording For Musicians For Dummies","Jeff Strong","19.88","Wiley","09/29/2014","384","0"
"360","1369","1299","9781118896655","Inbound Marketing, Revised and Updated: Attract, Engage, and Delight Customers Online","Brian Halligan","12.59","Wiley","09/02/2014","224","9781118749920","Applied Mathematics for Science and Engineering","Larry A. Glasgow","100.05","Wiley","09/15/2014","256","0"
"364","1372","187","9780470526828","Data Mining for Business Intelligence: Concepts, Techniques, and Applications in Microsoft Office Excel with XLMiner","Galit Shmueli","92.26","Wiley","10/26/2010","428","9780470489604","Excel 2010 Workbook For Dummies","Greg Harvey","19.97","Wiley","10/12/2010","408","0"
"373","1433","2172","9781118582305","Cool Infographics: Effective Communication with Data Visualization and Design","Randy Krum","24.73","Wiley","10/28/2013","368","9781118227787","Guide to US Food Laws and Regulations","Patricia A. Curtis","79.48","Wiley","10/07/2013","344","0"
"375","1433","2895","9781118582305","Cool Infographics: Effective Communication with Data Visualization and Design","Randy Krum","24.73","Wiley","10/28/2013","368","9781118737637","Beginning Programming with C For Dummies","Dan Gookin","21.19","Wiley","10/28/2013","456","0"
"376","1437","1968","9780735669116","Microsoft Project 2013 Step by Step","Timothy Johnson","20.18","Microsoft Press","03/25/2013","576","9780735669093","Microsoft Outlook 2013 Step By Step","Joan Lambert","19.94","Microsoft Press","03/27/2013","578","0"
"384","1448","374","9781782162148","Machine Learning with R","Brett Lantz","49.49","Packt Publishing","10/25/2013","396","9781782168539","Game Development with Three.js","Isaac Sukin","28.9","Packt Publishing","10/23/2013","118","0"
"392","1471","857","9781118617618","Architecting the Cloud: Design Decisions for Cloud Computing Service Models (SaaS, PaaS, and IaaS)","Michael J. Kavis","35.79","Wiley","01/28/2014","224","9781118789810","CCNA Routing and Switching Review Guide: Exams 100-101, 200-101, and 200-120","Todd Lammle","19.94","Wiley","01/13/2014","528","0"
"395","1494","275","9780321988232","Travel and Street Photography: From Snapshots to Great Shots","John Batdorff","18.12","Peachpit Press","10/17/2014","264","9780133987034","Illustrator CC: Visual QuickStart Guide (2014 release)","Elaine Weinmann","28.65","Peachpit Press","10/03/2014","480","0"
"400","1501","2410","9781118218549","Linux Bible","Christopher Negus","32.0","Wiley","09/11/2012","864","9780813808949","Handbook of Fruits and Fruit Processing","Nirmal Sinha (Editor)","196.55","Wiley","09/25/2012","712","0"
"406","1537","1958","9781118456149","Internet, Phone, Mail, and Mixed-Mode Surveys: The Tailored Design Method","Jolene D. Smyth","59.83","Wiley","08/18/2014","509","9781118817094","Cloud Management and Security","Imad M. Abbadi","85.85","Wiley","08/11/2014","240","0"
"407","1537","2715","9781118456149","Internet, Phone, Mail, and Mixed-Mode Surveys: The Tailored Design Method","Jolene D. Smyth","59.83","Wiley","08/18/2014","509","9781118921173","Facebook & Twitter For Seniors For Dummies","Marsha Collier","17.27","Wiley","08/18/2014","360","0"
"410","1560","517","9780789749055","CompTIA Network+ N10-005 Authorized Exam Cram (4th Edition)","Emmett Dulaney","27.33","Pearson IT Certification","01/08/2012","648","9780789749055","CompTIA Network+ N10-005 Authorized Exam Cram","Emmett Dulaney","27.33","Pearson IT Certification","01/12/2012","698","1"
"411","1565","156","9780321929600","Adobe After Effects CC Classroom in a Book","Adobe Creative Team","49.35","Adobe Press","07/20/2013","400","9780321919410","Adobe Dreamweaver CC Classroom in a Book","Adobe Creative Team","38.89","Adobe Press","07/29/2013","448","0"
"413","1573","876","9780470639535","Social Engineering: The Art of Human Hacking","Christopher Hadnagy","21.1","Wiley","12/03/2010","416","9783527327980","Biogas from Waste and Renewable Resources: An Introduction","Dieter Deublein","0.0","Wiley","12/28/2010","578","0"
"414","1573","1174","9780470639535","Social Engineering: The Art of Human Hacking","Christopher Hadnagy","21.1","Wiley","12/03/2010","416","9780470639535","Social Engineering: The Art of Human Hacking","Christopher Hadnagy","21.1","Wiley","12/28/2010","416","1"
"424","1607","226","9781285099149","Succeeding in Business with Microsoft Excel 2013: A Problem-Solving Approach (New Perspectives)","Debra Gross","124.04","Cengage Learning","08/27/2013","720","9781285167725","Microsoft Word 2013: Complete","Misty E. Vermaat","0.0","Cengage Learning","08/28/2013","648","0"
"425","1607","756","9781285099149","Succeeding in Business with Microsoft Excel 2013: A Problem-Solving Approach (New Perspectives)","Debra Gross","124.04","Cengage Learning","08/27/2013","720","9781285169071","Microsoft Access 2013: Complete","Philip J. Pratt","0.0","Cengage Learning","08/06/2013","600","0"
"426","1607","2821","9781285099149","Succeeding in Business with Microsoft Excel 2013: A Problem-Solving Approach (New Perspectives)","Debra Gross","124.04","Cengage Learning","08/27/2013","720","9781285075990","Practical Microsoft Office 2013 (with CD-ROM)","June Jamrich Parsons","0.0","Cengage Learning","08/23/2013","272","0"
"427","1624","875","9780321683687","The Elements of User Experience: User-Centered Design for the Web and Beyond (2nd Edition) (Voices That Matter)","Jesse James Garrett","28.48","New Riders","12/26/2010","192","9780321683687","The Elements of User Experience: User-Centered Design for the Web and Beyond","Jesse James Garrett","28.48","New Riders","12/30/2010","172","1"
"430","1640","758","9780470973929","The R Book","Michael J. Crawley","81.81","Wiley","12/26/2012","1076","9781118314418","Beginning Visual C# 2012 Programming","Karli Watson","30.05","Wiley","12/26/2012","912","0"
"433","1640","1537","9780470973929","The R Book","Michael J. Crawley","81.81","Wiley","12/26/2012","1076","9781118529331","Apple TV Portable Genius","Guy Hart-Davis","22.05","Wiley","12/26/2012","288","0"
"434","1640","2851","9780470973929","The R Book","Michael J. Crawley","81.81","Wiley","12/26/2012","1076","9781118123096","Architectural Design with SketchUp: Component-Based Modeling, Plugins, Rendering, and Scripting","Alexander Schreyer","34.05","Wiley","12/04/2012","320","0"
"439","1681","1172","9780470463635","Categorical Data Analysis","Alan Agresti","90.95","Wiley","12/03/2012","744","9781118356395","QuickBooks 2013 All-in-One For Dummies","Stephen L. Nelson","21.97","Wiley","12/10/2012","624","0"
"442","1681","2851","9780470463635","Categorical Data Analysis","Alan Agresti","90.95","Wiley","12/03/2012","744","9781118123096","Architectural Design with SketchUp: Component-Based Modeling, Plugins, Rendering, and Scripting","Alexander Schreyer","34.05","Wiley","12/04/2012","320","0"
"445","1690","1328","9781118094839","Information Storage and Management: Storing, Managing, and Protecting Digital Information in Classic, Virtualized, and Cloud Environments","EMC Education Services","56.53","Wiley","05/22/2012","528","9781444332827","Fish Pathology","Ronald J. Roberts","238.03","Wiley","05/22/2012","590","0"
"448","1690","2577","9781118094839","Information Storage and Management: Storing, Managing, and Protecting Digital Information in Classic, Virtualized, and Cloud Environments","EMC Education Services","56.53","Wiley","05/22/2012","528","9781118130568","Introducing Autodesk Maya 2013","Dariush Derakhshani","36.99","Wiley","05/01/2012","648","0"
"450","1693","74","9781118921661","Raspberry Pi User Guide","Gareth Halfacree","14.71","Wiley","09/02/2014","312","9781118968017","Home Recording For Musicians For Dummies","Jeff Strong","19.88","Wiley","09/29/2014","384","0"
"451","1693","910","9781118921661","Raspberry Pi User Guide","Gareth Halfacree","14.71","Wiley","09/02/2014","312","9781118503218","HSPA+ Evolution to Release 12: Performance and Optimization","Harri Holma (Editor)","102.35","Wiley","09/15/2014","464","0"
"452","1693","1299","9781118921661","Raspberry Pi User Guide","Gareth Halfacree","14.71","Wiley","09/02/2014","312","9781118749920","Applied Mathematics for Science and Engineering","Larry A. Glasgow","100.05","Wiley","09/15/2014","256","0"
"453","1693","1415","9781118921661","Raspberry Pi User Guide","Gareth Halfacree","14.71","Wiley","09/02/2014","312","9781118766576","About Face: The Essentials of Interaction Design","Alan Cooper","33.31","Wiley","09/02/2014","720","0"
"454","1693","2621","9781118921661","Raspberry Pi User Guide","Gareth Halfacree","14.71","Wiley","09/02/2014","312","9781118745083","Architecture: Form, Space, and Order","Francis D. K. Ching","42.81","Wiley","09/29/2014","464","0"
"457","1695","1894","9781118787311","Practical Reverse Engineering: x86, x64, ARM, Windows Kernel, Reversing Tools, and Obfuscation","Bruce Dang","40.38","Wiley","02/17/2014","384","9781118833292","iPad for the Older and Wiser: Get Up and Running with Your Apple iPad, iPad Air and iPad Mini","Sean McManus","18.93","Wiley","02/17/2014","320","0"
"459","1700","2685","9780321929662","Color Correction Handbook: Professional Techniques for Video and Cinema (2nd Edition) (Digital Video & Audio Editing Courses)","Alexis Van Hurkman","44.83","Peachpit Press","11/29/2013","672","9780321966759","Scott Kelby's Digital Photography Boxed Set, Parts 1, 2, 3, and 4, Updated Edition","Scott Kelby","54.67","Peachpit Press","11/15/2013","1032","0"
"460","1709","743","9780321822475","Adobe Premiere Pro CS6 Classroom in a Book","Adobe Creative Team","34.54","Adobe Press","07/19/2012","480","9780321822604","Adobe Creative Suite 6 Design & Web Premium Classroom in a Book","Adobe Creative Team","38.7","Adobe Press","07/20/2012","320","0"
"464","1711","1403","9781118232606","Content Rules: How to Create Killer Blogs, Podcasts, Videos, Ebooks, Webinars (and More) That Engage Customers and Ignite Your Business","Ann Handley","11.9","Wiley","05/22/2012","320","9781118176719","Virtualization Essentials","Matthew Portnoy","29.39","Wiley","05/01/2012","304","0"
"468","1712","32","9780470932131","Plate to Pixel: Digital Food Photography & Styling","Helene Dujardin","18.44","Wiley","05/03/2011","288","9780470643204","Professional Test Driven Development with C#: Developing Real World Applications with TDD","James Bender","29.36","Wiley","05/10/2011","360","0"
"469","1712","1597","9780470932131","Plate to Pixel: Digital Food Photography & Styling","Helene Dujardin","18.44","Wiley","05/03/2011","288","9780470932131","Plate to Pixel: Digital Food Photography & Styling","Helene Dujardin","18.44","Wiley","05/03/2011","288","1"
"470","1712","2935","9780470932131","Plate to Pixel: Digital Food Photography & Styling","Helene Dujardin","18.44","Wiley","05/03/2011","288","9781118016855","Microsoft Windows Networking Essentials","Darril Gibson","26.1","Wiley","05/10/2011","368","0"
"471","1712","2963","9780470932131","Plate to Pixel: Digital Food Photography & Styling","Helene Dujardin","18.44","Wiley","05/03/2011","288","9780470939031","Professional Unified Communications Development with Microsoft Lync Server 2010","George Durzi","33.29","Wiley","05/31/2011","528","0"
"472","1726","424","9781118809990","Threat Modeling: Designing for Security","Adam Shostack","49.56","Wiley","02/17/2014","624","9781118723159","iPad mini For Dummies","Edward C. Baig","17.19","Wiley","02/10/2014","416","0"
"475","1736","1968","9780735676343","Microsoft Excel 2013 Building Data Models with PowerPivot (Business Skills)","Alberto Ferrari","23.16","Microsoft Press","03/25/2013","500","9780735669093","Microsoft Outlook 2013 Step By Step","Joan Lambert","19.94","Microsoft Press","03/27/2013","578","0"
"481","1757","1449","9780321864437","Nikon D3200: From Snapshots to Great Shots","Rob Sylvan","16.08","Peachpit Press","08/15/2012","288","9780321840707","Adobe Flash Professional CS6: Learn by Video: Core Training in Rich Media Communication",". video2brain","44.55","Peachpit Press","08/02/2012","48","0"
"487","1807","462","9780471729983","Geo-Business: GIS in the Digital Organization","James B. Pick","92.22","Wiley","01/02/2008","416","9780470039731","IT Disaster Recovery Planning For Dummies","Peter H. Gregory CISA, CISSP","22.32","Wiley","01/03/2008","388","0"
"488","1816","171","9780321657299","Rocket Surgery Made Easy: The Do-It-Yourself Guide to Finding and Fixing Usability Problems","Steve Krug","23.9","New Riders","12/18/2009","168","9780321657299","Rocket Surgery Made Easy: The Do-It-Yourself Guide to Finding and Fixing Usability Problems","Steve Krug","23.9","New Riders","12/28/2009","161","1"
"496","1834","2948","9781455584291","In Real Life: Love, Lies & Identity in the Digital Age","Nev Schulman","14.4","Grand Central Publishing","09/02/2014","256","9781455551859","Ring in the Holidays","Katie Lane","5.1","Grand Central Publishing","09/30/2014","368","0"
"498","1835","825","9781484201107","ASP.NET Web API 2: Building a REST Service from Start to Finish","Jamie Kurtz","23.96","Apress","07/27/2014","280","9781430265955","Practical Node.js: Building Real-World Scalable Web Apps","Azat Mardan","30.37","Apress","07/31/2014","300","0"
"499","1842","645","9780321928832","HTML and CSS: Visual QuickStart Guide (8th Edition)","Elizabeth Castro","24.29","Peachpit Press","08/19/2013","576","9780321928832","HTML and CSS: Visual QuickStart Guide","Elizabeth Castro","24.29","Peachpit Press","08/23/2013","576","1"
"500","1842","930","9780321928832","HTML and CSS: Visual QuickStart Guide (8th Edition)","Elizabeth Castro","24.29","Peachpit Press","08/19/2013","576","9780321929570","InDesign CC: Visual QuickStart Guide","Sandee Cohen","26.32","Peachpit Press","08/08/2013","528","0"
"502","1847","581","9781118729168","Effective Project Management: Traditional, Agile, Extreme","Robert K. Wysocki","53.92","Wiley","12/16/2013","768","9781118289389","HTML5 and CSS3 All-in-One For Dummies","Andy Harris","24.98","Wiley","12/16/2013","1104","0"
"512","1858","188","9781118645215","Lightroom 5: Streamlining Your Digital Photography Process","Nat Coalson","28.58","Wiley","07/29/2013","512","9781118575109","AutoCAD 2014 and AutoCAD LT 2014: No Experience Required: Autodesk Official Press","Donnie Gladfelter","25.24","Wiley","07/29/2013","1104","0"
"517","1858","2166","9781118645215","Lightroom 5: Streamlining Your Digital Photography Process","Nat Coalson","28.58","Wiley","07/29/2013","512","9781118653746","Teach Yourself VISUALLY Complete Excel","Paul McFedries","25.2","Wiley","07/22/2013","600","0"
"521","1901","1009","9780670025602","More Awesome Than Money: Four Boys and Their Heroic Quest to Save Your Privacy from Facebook","Jim Dwyer","20.93","Viking Adult","10/16/2014","384","9780525427247","First Impressions: A Novel of Old Books, Unexpected Love, and Jane Austen","Charlie Lovett","19.45","Viking Adult","10/16/2014","320","0"
"522","1901","1288","9780670025602","More Awesome Than Money: Four Boys and Their Heroic Quest to Save Your Privacy from Facebook","Jim Dwyer","20.93","Viking Adult","10/16/2014","384","9780525427919","Wait for Signs: Twelve Longmire Stories","Craig Johnson","17.19","Viking Adult","10/21/2014","192","0"
"526","1918","772","9781118357040","Information Technology for Management: Advancing Sustainable, Profitable Business Growth","Efraim Turban","170.56","Wiley","01/14/2013","480","9781118314456","Professional Visual Basic 2012 and .NET 4.5 Programming","Bill Sheldon","44.09","Wiley","01/04/2013","912","0"
"532","1918","2224","9781118357040","Information Technology for Management: Advancing Sustainable, Profitable Business Growth","Efraim Turban","170.56","Wiley","01/14/2013","480","9781118375389","iPad in Education For Dummies","S. Gliksman","17.07","Wiley","01/22/2013","400","0"
"539","1922","1955","9781118751251","Adventures In Raspberry Pi","Carrie Anne Philbin","16.32","Wiley","01/07/2014","256","9781118423868","Advanced Composite Materials for Automotive Applications: Structural Integrity and Crashworthiness","Ahmed Elmarakbi","117.89","Wiley","01/07/2014","470","0"
"543","1924","1969","9780470531082","Digital Design with RTL Design, VHDL, and Verilog","Frank Vahid","191.88","Wiley","03/09/2010","592","9780470502204","Professional ASP.NET 4 in C# and VB","Bill Evjen","43.34","Wiley","03/08/2010","1536","0"
"544","1926","645","9780321908452","The Digital Print: Preparing Images in Lightroom and Photoshop for Printing","Jeff Schewe","31.14","Peachpit Press","08/2013","336","9780321928832","HTML and CSS: Visual QuickStart Guide","Elizabeth Castro","24.29","Peachpit Press","08/23/2013","576","0"
"555","1953","1869","9781118086834","Business Data Communications and Networking","Jerry FitzGerald","55.18","Wiley","08/23/2011","608","9780470747735","Hybrid Electric Vehicles: Principles and Applications with Practical Perspectives","Chris Mi","0.0","Wiley","08/23/2011","468","0"
"558","1954","1994","9780735666993","Microsoft SharePoint 2013 Inside Out","Darvish Shadravan","33.38","Microsoft Press","06/25/2013","904","9780735669062","Microsoft Office Inside Out: 2013 Edition","Carl Siechert","36.11","Microsoft Press","06/07/2013","912","0"
"559","1960","644","9780470666852","Smashing UX Design: Foundations for Designing Online User Experiences","Jesmond Allen","29.24","Wiley","06/18/2012","446","9781118101117","Professional Microsoft SQL Server 2012 Reporting Services","Paul Turley","36.41","Wiley","06/05/2012","912","0"
"567","1967","284","9781118290149","The SketchUp Workflow for Architecture: Modeling Buildings, Visualizing Design, and Creating Construction Documents with SketchUp Pro and LayOut","Michael Brightman","37.21","Wiley","04/22/2013","400","9781118329580","Windows For Tablets For Dummies","Andy Rathbone","15.6","Wiley","04/01/2013","312","0"
"568","1967","527","9781118290149","The SketchUp Workflow for Architecture: Modeling Buildings, Visualizing Design, and Creating Construction Documents with SketchUp Pro and LayOut","Michael Brightman","37.21","Wiley","04/22/2013","400","9781118543191","Android Tablets For Dummies","Dan Gookin","18.49","Wiley","04/29/2013","320","0"
"576","1978","2094","9780470944882","Visualize This: The FlowingData Guide to Design, Visualization, and Statistics","Nathan Yau","25.97","Wiley","07/20/2011","384","9781118088357","Motorola XOOM For Dummies","Andy Rathbone","18.49","Wiley","07/05/2011","336","0"
"577","1978","3053","9780470944882","Visualize This: The FlowingData Guide to Design, Visualization, and Statistics","Nathan Yau","25.97","Wiley","07/20/2011","384","9781118014745","CompTIA Security+ Deluxe Study Guide: Exam SY0-301","Emmett Dulaney","0.0","Wiley","07/05/2011","696","0"
"580","2036","1133","9780321815385","A Project Guide to UX Design: For user experience designers in the field or in the making (2nd Edition) (Voices That Matter)","Russ Unger","25.07","New Riders","03/19/2012","360","9780321815361","Managing Enterprise Content: A Unified Content Strategy","Ann Rockley","32.46","New Riders","03/01/2012","384","0"
"582","2038","1947","9780470133125","Microsoft Project 13","Microsoft Official Academic Course","99.75","Wiley","10/28/2013","353","9781118677797","iPhone 5S and iPhone 5C Portable Genius","Paul McFedries","16.31","Wiley","10/21/2013","352","0"
"583","2038","2143","9780470133125","Microsoft Project 13","Microsoft Official Academic Course","99.75","Wiley","10/28/2013","353","9781118711057","Laptops For Seniors For Dummies","Nancy C. Muir","15.29","Wiley","10/14/2013","480","0"
"585","2038","2253","9780470133125","Microsoft Project 13","Microsoft Official Academic Course","99.75","Wiley","10/28/2013","353","9781118678565","Job Searching with Social Media For Dummies","Joshua Waldman","13.32","Wiley","10/07/2013","384","0"
"590","2059","602","9781133526551","Teachers Discovering Computers: Integrating Technology in a Connected World (Shelly Cashman)","Gary B. Shelly","160.92","Cengage Learning","11/16/2011","512","9781133526551","Teachers Discovering Computers: Integrating Technology in a Connected World","Gary B. Shelly","0.0","Cengage Learning","11/16/2011","512","1"
"593","2079","796","9781118123898","Adobe Photoshop CS6 Digital Classroom","Jennifer Smith","33.13","Wiley","06/13/2012","448","9781118281741","AutoCAD 2013: No Experience Required","Donnie Gladfelter","34.12","Wiley","06/19/2012","1104","0"
"598","2079","3131","9781118123898","Adobe Photoshop CS6 Digital Classroom","Jennifer Smith","33.13","Wiley","06/13/2012","448","9781118123898","Adobe Photoshop CS6 Digital Classroom","Jennifer Smith","33.12","Wiley","06/13/2012","448","1"
"604","2095","1006","9781118508404","Solidworks 2013 Bible","Matt Lombard","36.37","Wiley","03/11/2013","1296","9781118517680","Teach Yourself VISUALLY Office 2013","Elaine Marmel","17.84","Wiley","03/18/2013","448","0"
"606","2095","3187","9781118508404","Solidworks 2013 Bible","Matt Lombard","36.37","Wiley","03/11/2013","1296","9781118510421","Teach Yourself VISUALLY PowerPoint 2013","William Wood","19.78","Wiley","03/18/2013","352","0"
"609","2098","1413","9781118717370","Android Programming: Pushing the Limits","Erik Hellman","32.17","Wiley","11/04/2013","432","9781118643693","Photoshop CC Bible","Lisa DaNae Dayley","33.52","Wiley","11/04/2013","1152","0"
"610","2098","1844","9781118717370","Android Programming: Pushing the Limits","Erik Hellman","32.17","Wiley","11/04/2013","432","9781118751251","Adventures In Raspberry Pi","Carrie Anne Philbin","16.15","Wiley","11/25/2013","256","0"
"614","2109","2700","9780321947802","The Photoshop Elements 12 Book for Digital Photographers (Voices That Matter)","Scott Kelby","32.38","New Riders","12/27/2013","456","9780321934048","Adventures in Experience Design","Carolyn Chandler","22.19","New Riders","12/25/2013","168","0"
"615","2122","1570","9780321701763","Adobe Photoshop CS5 Classroom in a Book","Adobe Creative Team","34.35","Adobe Press","06/06/2010","464","9780321701787","Adobe Illustrator CS5 Classroom in a Book","Adobe Creative Team","0.0","Adobe Press","06/10/2010","463","0"
"617","2123","581","9781118795484","Raspberry Pi User Guide","Gareth Halfacree","15.92","Wiley","12/04/2013","312","9781118289389","HTML5 and CSS3 All-in-One For Dummies","Andy Harris","24.98","Wiley","12/16/2013","1104","0"
"618","2123","675","9781118795484","Raspberry Pi User Guide","Gareth Halfacree","15.92","Wiley","12/04/2013","312","9781118772942","Samsung Galaxy Tabs For Dummies","Dan Gookin","15.72","Wiley","12/31/2013","320","0"
"628","2129","1403","9781118295274","Exam 98-349 MTA Windows Operating System Fundamentals","Microsoft Official Academic Course","72.43","Wiley","05/15/2012","328","9781118176719","Virtualization Essentials","Matthew Portnoy","29.39","Wiley","05/01/2012","304","0"
"629","2129","2518","9781118295274","Exam 98-349 MTA Windows Operating System Fundamentals","Microsoft Official Academic Course","72.43","Wiley","05/15/2012","328","9781118204122","iOS Hacker's Handbook","Dion Blazakis","33.06","Wiley","05/08/2012","408","0"
"630","2129","2577","9781118295274","Exam 98-349 MTA Windows Operating System Fundamentals","Microsoft Official Academic Course","72.43","Wiley","05/15/2012","328","9781118130568","Introducing Autodesk Maya 2013","Dariush Derakhshani","36.99","Wiley","05/01/2012","648","0"
"635","2139","2908","9780470665763","Interaction Design: Beyond Human - Computer Interaction","Yvonne Rogers","53.33","Wiley","06/07/2011","602","9781118016787","AutoCAD Civil 3D 2012 Essentials","Eric Chappell","34.16","Wiley","06/07/2011","384","0"
"636","2139","2913","9780470665763","Interaction Design: Beyond Human - Computer Interaction","Yvonne Rogers","53.33","Wiley","06/07/2011","602","9781118016794","AutoCAD 2012 and AutoCAD LT 2012 Essentials","Scott Onstott","0.0","Wiley","06/07/2011","400","0"
"639","2151","2082","9781118662090","The Browser Hacker's Handbook","Wade Alcorn","44.73","Wiley","03/24/2014","648","9781118407806","Java For Dummies","Burd","18.5","Wiley","03/31/2014","432","0"
"641","2151","3043","9781118662090","The Browser Hacker's Handbook","Wade Alcorn","44.73","Wiley","03/24/2014","648","9781118443125","Acoustics of Ducts and Mufflers","M. L. Munjal","127.99","Wiley","03/17/2014","416","0"
"644","2168","1737","9781118391709","Photographing Families: Tips for Capturing Timeless Images","Michele Celentano","20.0","Wiley","02/04/2013","256","9781118365984","Digital SLR Video and Filmmaking For Dummies","John Carucci","18.45","Wiley","02/18/2013","416","0"
"645","2168","2073","9781118391709","Photographing Families: Tips for Capturing Timeless Images","Michele Celentano","20.0","Wiley","02/04/2013","256","9781118301296","Red Hat Enterprise Linux 6 Administration: Real World Skills for Red Hat Administrators","Sander van Vugt","40.07","Wiley","02/04/2013","672","0"
"656","2180","1393","9781118877166","Level Up! The Guide to Great Video Game Design","Scott Rogers","30.01","Wiley","04/28/2014","550","9781118799277","Beginning iOS Programming For Dummies","Rajiv Ramnath","22.33","Wiley","04/14/2014","456","0"
"657","2180","2435","9781118877166","Level Up! The Guide to Great Video Game Design","Scott Rogers","30.01","Wiley","04/28/2014","550","9781118810088","Developing Analytic Talent: Becoming a Data Scientist","Vincent Granville","23.79","Wiley","04/07/2014","336","0"
"668","2227","1314","9780321839572","The Digital Negative: Raw Image Processing in Lightroom, Camera Raw, and Photoshop","Jeff Schewe","30.0","Peachpit Press","09/23/2012","312","9780321832184","PHP Advanced and Object-Oriented Programming: Visual QuickPro Guide","Larry Ullman","34.69","Peachpit Press","09/27/2012","504","0"
"677","2251","1057","9780470474242","Cryptography Engineering: Design Principles and Practical Applications","Niels Ferguson","32.37","Wiley","03/15/2010","384","9780470565520","Professional Android 2 Application Development","Reto Meier","32.7","Wiley","03/01/2010","576","0"
"678","2251","1969","9780470474242","Cryptography Engineering: Design Principles and Practical Applications","Niels Ferguson","32.37","Wiley","03/15/2010","384","9780470502204","Professional ASP.NET 4 in C# and VB","Bill Evjen","43.34","Wiley","03/08/2010","1536","0"
"679","2253","941","9780321948533","Night Photography: From Snapshots to Great Shots","Gabriel Biderman","15.56","Peachpit Press","11/25/2013","240","9780321957610","WordPress: Visual QuickStart Guide","Matt Beck","24.61","Peachpit Press","11/13/2013","288","0"
"691","2326","2073","9781118022276","Project Management: A Systems Approach to Planning, Scheduling, and Controlling","Harold R. Kerzner","70.26","Wiley","02/18/2013","1296","9781118301296","Red Hat Enterprise Linux 6 Administration: Real World Skills for Red Hat Administrators","Sander van Vugt","40.07","Wiley","02/04/2013","672","0"
"695","2331","1526","9780547943985","Peterson Field Guide to Medicinal Plants and Herbs of Eastern and Central North America, Third Edition (Peterson Field Guides)","Steven Foster","16.01","Houghton Mifflin Harcourt","04/08/2014","480","9780544196377","American Romantic","Ward Just","18.13","Houghton Mifflin Harcourt","04/01/2014","272","0"
"696","2333","1438","9781118138915","Fundamentals of Building Construction: Materials and Methods","Edward Allen","95.8","Wiley","10/14/2013","1024","9781118692905","iPhone For Seniors For Dummies","Nancy C. Muir","14.86","Wiley","10/28/2013","448","0"
"699","2333","2172","9781118138915","Fundamentals of Building Construction: Materials and Methods","Edward Allen","95.8","Wiley","10/14/2013","1024","9781118227787","Guide to US Food Laws and Regulations","Patricia A. Curtis","79.48","Wiley","10/07/2013","344","0"
"703","2336","2684","9780374280604","Deep Down Dark: The Untold Stories of 33 Men Buried in a Chilean Mine, and the Miracle That Set Them Free","Hctor Tobar","19.71","Farrar, Straus and Giroux","10/07/2014","320","9780374534820","How Architecture Works: A Humanist's Toolkit","Witold Rybczynski","12.17","Farrar, Straus and Giroux","10/07/2014","368","0"
"706","2348","1782","9781118458341","Building Construction Illustrated","Francis D. K. Ching","38.58","Wiley","02/17/2014","480","9781118833032","Professional C# 5.0 and .NET 4.5.1","Christian Nagel","39.94","Wiley","02/24/2014","1560","0"
"707","2348","1894","9781118458341","Building Construction Illustrated","Francis D. K. Ching","38.58","Wiley","02/17/2014","480","9781118833292","iPad for the Older and Wiser: Get Up and Running with Your Apple iPad, iPad Air and iPad Mini","Sean McManus","18.93","Wiley","02/17/2014","320","0"
"708","2374","550","9781118116135","Fundamentals of Fluid Mechanics","Wade W. Huebsch","165.76","Wiley","05/15/2012","792","9781118281123","AutoCAD 2013 For Dummies","David Byrnes","22.3","Wiley","05/08/2012","592","0"
"715","2379","261","9780470501979","Fundamentals of Heat and Mass Transfer","David P. DeWitt","172.05","Wiley","04/12/2011","1072","9781118024478","Samsung Galaxy S For Dummies","Bill Hughes","18.49","Wiley","04/19/2011","320","0"
"720","2379","1358","9780470501979","Fundamentals of Heat and Mass Transfer","David P. DeWitt","172.05","Wiley","04/12/2011","1072","9780470746448","Noise and Vibration Analysis: Signal Analysis and Experimental Procedures","Anders Brandt","0.0","Wiley","04/05/2011","464","0"
"725","2397","878","9780470903575","Building Codes Illustrated: A Guide to Understanding the 2012 International Building Code","Francis D. K. Ching","37.95","Wiley","07/10/2012","448","9781118388464","Samsung Galaxy Note For Dummies","Dan Gookin","17.32","Wiley","07/03/2012","384","0"
"726","2397","1253","9780470903575","Building Codes Illustrated: A Guide to Understanding the 2012 International Building Code","Francis D. K. Ching","37.95","Wiley","07/10/2012","448","9781118217320","Complete Electronics Self-Teaching Guide with Projects","Earl Boysen","21.63","Wiley","07/31/2012","576","0"
"727","2397","1501","9780470903575","Building Codes Illustrated: A Guide to Understanding the 2012 International Building Code","Francis D. K. Ching","37.95","Wiley","07/10/2012","448","9781119962847","R For Dummies","Joris Meys","18.29","Wiley","07/03/2012","406","0"
"728","2397","1619","9780470903575","Building Codes Illustrated: A Guide to Understanding the 2012 International Building Code","Francis D. K. Ching","37.95","Wiley","07/10/2012","448","9781118185476","Usable Usability: Simple Steps for Making Stuff Better","Eric Reiss","29.08","Wiley","07/03/2012","256","0"
"731","2410","3091","9781451692280","The Boom: How Fracking Ignited the American Energy Revolution and Changed the World","Russell Gold","18.94","Simon & Schuster","04/08/2014","384","9781451628302","A Step of Faith (Walk Series #4)","Richard Paul Evans","11.22","Simon & Schuster","04/15/2014","320","0"
"739","2476","581","9781119942535","Making the Modern World: Materials and Dematerialization","Vaclav Smil","36.89","Wiley","12/16/2013","242","9781118289389","HTML5 and CSS3 All-in-One For Dummies","Andy Harris","24.98","Wiley","12/16/2013","1104","0"
"740","2476","675","9781119942535","Making the Modern World: Materials and Dematerialization","Vaclav Smil","36.89","Wiley","12/16/2013","242","9781118772942","Samsung Galaxy Tabs For Dummies","Dan Gookin","15.72","Wiley","12/31/2013","320","0"
"741","2476","816","9781119942535","Making the Modern World: Materials and Dematerialization","Vaclav Smil","36.89","Wiley","12/16/2013","242","9781118789704","CCNA Routing and Switching Deluxe Study Guide: Exams 100-101, 200-101, and 200-120","Todd Lammle","61.83","Wiley","12/23/2013","1176","0"
"744","2476","2793","9781119942535","Making the Modern World: Materials and Dematerialization","Vaclav Smil","36.89","Wiley","12/16/2013","242","9781118335963","Canon EOS 70D For Dummies","Julie Adair King","18.49","Wiley","12/23/2013","352","0"
"746","2511","196","9781494417277","The Art of War","Sun Tzu","6.09","CreateSpace Independent Publishing Platform","12/08/2013","34","9781494759957","Help Me! Guide to the iPad Air: Step-by-Step User Guide for the Fifth Generation iPad and iOS 7","Charles Hughes","8.34","CreateSpace Independent Publishing Platform","12/21/2013","262","0"
"750","2578","937","9780763758363","Exam Prep: Fire Fighter I And II","Dr.  Ben Hirst, Performance Training Systems","48.89","Jones & Bartlett Learning","05/29/2009","276","9780763756918","Adaptive Health Management Information Systems: Concepts, Cases, & Practical Applications","Joseph Tan","0.0","Jones & Bartlett Learning","05/21/2009","414","0"
"757","2612","1303","9781118146811","Statistical Quality Control","Douglas C. Montgomery","149.18","Wiley","06/19/2012","768","9783527320806","Electrospinning: Materials, Processing, and Applications","Joachim H. Wendorff","0.0","Wiley","06/05/2012","254","0"
"762","2612","3174","9781118146811","Statistical Quality Control","Douglas C. Montgomery","149.18","Wiley","06/19/2012","768","9781118336991","Word 2010 eLearning Kit For Dummies","Faithe Wempen","23.91","Wiley","06/13/2012","352","0"
"765","2621","1057","9780470531082","Digital Design with RTL Design, VHDL, and Verilog","Frank Vahid","191.88","Wiley","03/09/2010","592","9780470565520","Professional Android 2 Application Development","Reto Meier","32.7","Wiley","03/01/2010","576","0"
"767","2623","186","9780470631553","Microwave Engineering","David M. Pozar","77.95","Wiley","11/22/2011","720","9781119976875","Typographic Web Design: How to Think Like a Typographer in HTML and CSS","Laura Franz","28.74","Wiley","11/01/2011","336","0"
"768","2623","813","9780470631553","Microwave Engineering","David M. Pozar","77.95","Wiley","11/22/2011","720","9783527409723","Laser Welding of Plastics: Materials, Processes and Industrial Applications","Rolf Klein","123.7","Wiley","11/22/2011","260","0"
"769","2623","984","9780470631553","Microwave Engineering","David M. Pozar","77.95","Wiley","11/22/2011","720","9780470942192","Teach Yourself VISUALLY iPhone 4S","Guy Hart-Davis","15.18","Wiley","11/15/2011","320","0"
"775","2643","474","9781118086834","Business Data Communications and Networking","Jerry FitzGerald","55.18","Wiley","08/23/2011","608","9781118118191","Nikon D5100 For Dummies","Julie Adair King","20.89","Wiley","08/02/2011","368","0"
"792","2671","2913","9780470501962","Introduction to Heat Transfer","David P. DeWitt","186.97","Wiley","06/07/2011","992","9781118016794","AutoCAD 2012 and AutoCAD LT 2012 Essentials","Scott Onstott","0.0","Wiley","06/07/2011","400","0"
"799","2734","120","9780470080245","Rocket Propulsion Elements","George P. Sutton","115.29","Wiley","02/02/2010","784","9780470595916","Canon EOS 7D For Dummies","Doug Sahlin","20.82","Wiley","02/02/2010","352","0"
"800","2734","929","9780470080245","Rocket Propulsion Elements","George P. Sutton","115.29","Wiley","02/02/2010","784","9780470565216","Identity Theft For Dummies","Michael J. Arata","16.43","Wiley","02/22/2010","288","0"
"803","2753","2052","9780470979815","Practical Reliability Engineering","Andre Kleyner","76.1","Wiley","01/30/2012","512","9780470666289","Cable Supported Bridges: Concept and Design","Niels J. Gimsing","147.11","Wiley","01/18/2012","600","0"
"807","2761","1413","9781118458358","Building Structures Illustrated: Patterns, Systems, and Design","Francis D. K. Ching","44.24","Wiley","11/11/2013","352","9781118643693","Photoshop CC Bible","Lisa DaNae Dayley","33.52","Wiley","11/04/2013","1152","0"
"811","2761","2699","9781118458358","Building Structures Illustrated: Patterns, Systems, and Design","Francis D. K. Ching","44.24","Wiley","11/11/2013","352","9781118745311","Oracle 12c For Dummies","Chris Ruel","24.43","Wiley","11/18/2013","432","0"
"813","2764","796","9780470584927","Cancer as a Metabolic Disease: On the Origin, Management, and Prevention of Cancer","Thomas Seyfried","111.32","Wiley","06/26/2012","438","9781118281741","AutoCAD 2013: No Experience Required","Donnie Gladfelter","34.12","Wiley","06/19/2012","1104","0"
"821","2781","1958","9781118891681","Business Data Communications and Networking","Alexandra Durcikova","183.12","Wiley","08/25/2014","416","9781118817094","Cloud Management and Security","Imad M. Abbadi","85.85","Wiley","08/11/2014","240","0"
"829","2782","2937","9780470648858","A Visual Dictionary of Architecture","Francis D. K. Ching","40.79","Wiley","08/18/2011","336","9781118016862","Microsoft Windows Server Administration Essentials","Tom Carpenter","25.28","Wiley","08/30/2011","400","0"
"833","2797","1278","9781118131992","Fundamentals of Thermodynamics","Claus Borgnakke","217.05","Wiley","12/26/2012","912","9781118209202","MacBook For Dummies","Mark L. Chambers","18.49","Wiley","12/04/2012","456","0"
"834","2797","1537","9781118131992","Fundamentals of Thermodynamics","Claus Borgnakke","217.05","Wiley","12/26/2012","912","9781118529331","Apple TV Portable Genius","Guy Hart-Davis","22.05","Wiley","12/26/2012","288","0"
"840","2811","1856","9781118524664","Project Management Metrics, KPIs, and Dashboards: A Guide to Measuring and Monitoring Project Performance","Harold R. Kerzner","59.64","Wiley","08/12/2013","448","9781118603819","Mastering AutoCAD Civil 3D 2014: Autodesk Official Press","Louisa Holland","50.1","Wiley","08/26/2013","1032","0"
"841","2811","3033","9781118524664","Project Management Metrics, KPIs, and Dashboards: A Guide to Measuring and Monitoring Project Performance","Harold R. Kerzner","59.64","Wiley","08/12/2013","448","9781118530832","Professional Access 2013 Programming","Teresa Hennig","38.9","Wiley","08/19/2013","888","0"
"850","2827","77","9781118629864","MATLAB: An Introduction with Applications","Amos Gilat","73.91","Wiley","01/28/2014","416","9781118779606","Day Trading For Dummies","Ann C. Logue","16.59","Wiley","01/28/2014","360","0"
"851","2827","798","9781118629864","MATLAB: An Introduction with Applications","Amos Gilat","73.91","Wiley","01/28/2014","416","9781118617618","Architecting the Cloud: Design Decisions for Cloud Computing Service Models (SaaS, PaaS, and IaaS)","Michael J. Kavis","35.53","Wiley","01/28/2014","224","0"
"858","2847","2073","9781118022283","Project Management: Case Studies","Harold R. Kerzner","53.31","Wiley","02/11/2013","704","9781118301296","Red Hat Enterprise Linux 6 Administration: Real World Skills for Red Hat Administrators","Sander van Vugt","40.07","Wiley","02/04/2013","672","0"
"875","2862","3057","9780865715202","Photovoltaics: Design and Installation Manual","Solar Energy International","36.88","New Society Publishers","09/01/2004","336","9780865715202","Photovoltaics: Design and Installation Manual","Solar Energy International","0.0","New Society Publishers","09/28/2004","336","1"
"878","2880","1905","9780470195659","Mechanical and Electrical Equipment for Buildings","John S. Reynolds","120.59","Wiley","11/24/2009","1792","9780470534830","Computers for Seniors For Dummies","Nancy C. Muir","22.13","Wiley","11/02/2009","432","0"
"884","2912","1303","9781118083475","Mechanics of Materials: An Integrated Learning System","Timothy A. Philpot","148.51","Wiley","06/11/2012","912","9783527320806","Electrospinning: Materials, Processing, and Applications","Joachim H. Wendorff","0.0","Wiley","06/05/2012","254","0"
"886","2912","2582","9781118083475","Mechanics of Materials: An Integrated Learning System","Timothy A. Philpot","148.51","Wiley","06/11/2012","912","9781118130582","Mastering Autodesk Maya 2013","Todd Palamar","47.95","Wiley","06/19/2012","1008","0"
"887","2912","2933","9781118083475","Mechanics of Materials: An Integrated Learning System","Timothy A. Philpot","148.51","Wiley","06/11/2012","912","9781118164303","Beginning R: The Statistical Programming Language","Mark Gardener","21.96","Wiley","06/13/2012","504","0"
"888","2912","3131","9781118083475","Mechanics of Materials: An Integrated Learning System","Timothy A. Philpot","148.51","Wiley","06/11/2012","912","9781118123898","Adobe Photoshop CS6 Digital Classroom","Jennifer Smith","33.12","Wiley","06/13/2012","448","0"
"894","2968","12","9781118090862","Site Engineering for Landscape Architects","Steven Strom","77.92","Wiley","02/11/2013","368","9781118537145","Minecraft For Dummies, Portable Edition","Cordeiro","9.99","Wiley","02/11/2013","160","0"
"895","2968","964","9781118090862","Site Engineering for Landscape Architects","Steven Strom","77.92","Wiley","02/11/2013","368","9781405125062","Financial Management in Construction Contracting","Andrew Ross","0.0","Wiley","02/11/2013","456","0"
"901","2977","957","9781428336568","Mathematics for Machine Technology","John C. Peterson","148.48","Cengage Learning","12/24/2008","608","9781423999409","Adobe Photoshop CS4 - Illustrated","Chris Botello","0.0","Cengage Learning","12/01/2008","221","0"
"903","3004","1704","9780471676003","Medical Instrumentation Application and Design","John G. Webster","199.44","Wiley","02/03/2009","720","9780470411490","Sustainable Landscaping For Dummies","Owen E. Dell","16.18","Wiley","02/09/2009","388","0"
"904","3011","222","9781418837211","Linux+ Guide to Linux Certification (Networking (Course Technology))","Jason W. Eckert","151.56","Cengage Learning","02/09/2011","752","9781439079010","Microsoft Excel 2010: Comprehensive","Gary B. Shelly","0.0","Cengage Learning","02/22/2011","920","0"
"905","3011","1426","9781418837211","Linux+ Guide to Linux Certification (Networking (Course Technology))","Jason W. Eckert","151.56","Cengage Learning","02/09/2011","752","9781111528706","Principles of Web Design: The Web Technologies Series","Joel Sklar","0.0","Cengage Learning","02/09/2011","672","0"
"912","3028","1586","9780805859065","Handbook of Aviation Human Factors, Second Edition (Human Factors in Transportation)","Daniel J. Garland","136.62","CRC Press","12/16/2009","704","9781439811511","Heating and Cooling of Buildings: Design for Efficiency, Revised Second Edition","Jan F. Kreider","0.0","CRC Press","12/28/2009","863","0"
"914","3058","452","9780470131480","Radiation Detection and Measurement","Glenn F. Knoll","21.21","Wiley","08/16/2010","860","9780470695067","RFID Handbook: Fundamentals and Applications in Contactless Smart Cards, Radio Frequency Identification and Near-Field Communication, Third Edition","Klaus Finkenzeller","132.36","Wiley","08/16/2010","478","0"
"915","3058","1171","9780470131480","Radiation Detection and Measurement","Glenn F. Knoll","21.21","Wiley","08/16/2010","860","9781444324266","Electrical Installation Calculations: For Compliance with BS 7671:2008","Mark Coates","0.0","Wiley","08/23/2010","202","0"
"919","3058","2525","9780470131480","Radiation Detection and Measurement","Glenn F. Knoll","21.21","Wiley","08/16/2010","860","9783527326761","Nano-Age: How Nanotechnology Changes our Future","Mario Pagliaro","0.0","Wiley","08/23/2010","196","0"
"923","3059","2354","9780470088692","The Architecture Student's Handbook of Professional Practice","American Institute of Architects","84.05","Wiley","10/27/2008","720","9780470388488","InDesign CS4 For Dummies","Galen Gruman","21.18","Wiley","10/20/2008","432","0"
"925","3071","409","9781118412930","Fundamentals of Engineering Thermodynamics","Daisie D. Boettner","247.54","Wiley","05/05/2014","1056","9781118862377","iMac For Dummies","Mark L. Chambers","15.02","Wiley","05/05/2014","432","0"
"926","3071","1402","9781118412930","Fundamentals of Engineering Thermodynamics","Daisie D. Boettner","247.54","Wiley","05/05/2014","1056","9781118848456","A Practical Introduction to Computer Vision with OpenCV","Kenneth Dawson-Howe","56.9","Wiley","05/12/2014","234","0"
"928","3071","2008","9781118412930","Fundamentals of Engineering Thermodynamics","Daisie D. Boettner","247.54","Wiley","05/05/2014","1056","9781118768068","Teach Yourself VISUALLY iMac","Guy Hart-Davis","19.57","Wiley","05/05/2014","384","0"
"929","3082","461","9780470444047","Facilities Planning","J. M .A. Tanchoco","200.4","Wiley","01/19/2010","864","9780470596784","Solar Power Your Home For Dummies","Rik DeGunther","16.39","Wiley","01/19/2010","408","0"
"932","3089","2902","9781608194759","Whatever Happened to the Metric System?: How America Kept Its Feet","John Bemelmans Marciano","19.71","Bloomsbury USA","08/05/2014","320","9781620407547","Fives and Twenty-Fives","Michael Pitre","17.5","Bloomsbury USA","08/26/2014","400","0"
"935","3092","1132","9780470481837","Separation Process Principles: Chemical and Biochemical Operations","D. Keith Roper","165.84","Wiley","11/23/2010","848","9780470647615","Digital Photography Composition For Dummies","Thomas Clark","20.24","Wiley","11/16/2010","368","0"
"937","3092","1242","9780470481837","Separation Process Principles: Chemical and Biochemical Operations","D. Keith Roper","165.84","Wiley","11/23/2010","848","9780470877258","Wireless Home Networking For Dummies","Danny Briere","16.02","Wiley","11/16/2010","384","0"
"940","3092","3046","9780470481837","Separation Process Principles: Chemical and Biochemical Operations","D. Keith Roper","165.84","Wiley","11/23/2010","848","9780470554234","IT Architecture For Dummies","Kirk Hausman","19.81","Wiley","11/09/2010","364","0"
"948","3131","2073","9781118129845","Design of Reinforced Concrete","McCormac","142.78","Wiley","02/19/2013","736","9781118301296","Red Hat Enterprise Linux 6 Administration: Real World Skills for Red Hat Administrators","Sander van Vugt","40.07","Wiley","02/04/2013","672","0"
"950","3131","2352","9781118129845","Design of Reinforced Concrete","McCormac","142.78","Wiley","02/19/2013","736","9781118490372","Excel VBA Programming For Dummies","John Walkenbach","17.84","Wiley","02/26/2013","408","0"
"960","3185","399","9781119998952","Design for Hackers: Reverse Engineering Beauty","David Kadavy","26.67","Wiley","08/29/2011","352","9780470927533","Mobile Device Security For Dummies","Rich Campagna","24.39","Wiley","08/09/2011","312","0"
"962","3185","541","9781119998952","Design for Hackers: Reverse Engineering Beauty","David Kadavy","26.67","Wiley","08/29/2011","352","9780470891919","Nanotechnology For Dummies","Earl Boysen","15.55","Wiley","08/09/2011","360","0"
"966","3185","2937","9781119998952","Design for Hackers: Reverse Engineering Beauty","David Kadavy","26.67","Wiley","08/29/2011","352","9781118016862","Microsoft Windows Server Administration Essentials","Tom Carpenter","25.28","Wiley","08/30/2011","400","0"
"975","3216","1020","9781430258247","Beginning Sensor Networks with Arduino and Raspberry Pi (Technology in Action)","Charles Bell","31.01","Apress","11/21/2013","372","9781430258247","Beginning Sensor Networks with Arduino and Raspberry Pi","Charles Bell","30.7","Apress","11/20/2013","372","1"
"987","3230","689","9780470614815","Engineering Mechanics: Dynamics","J. L. Meriam","163.19","Wiley","03/19/2012","752","9781118199541","Beginning Android 4 Application Development","Wei-Meng Lee","28.95","Wiley","03/13/2012","560","0"
"989","3230","1525","9780470614815","Engineering Mechanics: Dynamics","J. L. Meriam","163.19","Wiley","03/19/2012","752","9781118194492","Social Media Marketing: An Hour a Day","Dave Evans","0.0","Wiley","03/13/2012","432","0"
"991","3262","1063","9781492763956","FTC Robotics: Tips, Tricks, Strategies, and Secrets: 2013-14 Edition","Sonia Geba","13.93","CreateSpace Independent Publishing Platform","10/19/2013","254","9781493582488","A Shade Of Vampire 5: A Blaze Of Sun","Bella Forrest","10.95","CreateSpace Independent Publishing Platform","10/25/2013","304","0"
"999","3281","12","9781118017128","Energy Finance: Analysis and Valuation, Risk Management, and the Future of Energy","Betty Simkins","76.48","Wiley","02/19/2013","624","9781118537145","Minecraft For Dummies, Portable Edition","Cordeiro","9.99","Wiley","02/11/2013","160","0"
"1012","3316","1242","9780470913475","An Introduction to Applied Statistical Thermodynamics","Stanley I. Sandler","116.13","Wiley","11/16/2010","360","9780470877258","Wireless Home Networking For Dummies","Danny Briere","16.02","Wiley","11/16/2010","384","0"
"1014","3316","2835","9780470913475","An Introduction to Applied Statistical Thermodynamics","Stanley I. Sandler","116.13","Wiley","11/16/2010","360","9780470889527","Website Design and Development: 100 Questions to Ask Before Building a Website","George Plumley","21.2","Wiley","11/30/2010","360","0"
"1017","3320","928","9781435498136","Illustrated Guide to the NEC (Illustrated Guide to the National Electrical Code)","Charles R. Miller","64.98","Cengage Learning","01/07/2011","496","9781111530532","Java Programming: From Problem Analysis to Program Design","D. S. Malik","0.0","Cengage Learning","01/26/2011","1072","0"
"1020","3334","81","9781118120149","Principles of Highway Engineering and Traffic Analysis","Fred L. Mannering","140.56","Wiley","03/27/2012","352","9781118107874","App Empire: Make Money, Have a Life, and Let Technology Work for You","Chad Mureta","14.89","Wiley","03/27/2012","205","0"
"1022","3334","689","9781118120149","Principles of Highway Engineering and Traffic Analysis","Fred L. Mannering","140.56","Wiley","03/27/2012","352","9781118199541","Beginning Android 4 Application Development","Wei-Meng Lee","28.95","Wiley","03/13/2012","560","0"
"1031","3335","671","9781118552537","Project Management Workbook and PMP / CAPM Exam Study Guide","Frank P. Saladis","65.42","Wiley","07/01/2013","544","9781118568118","Advanced Aircraft Design: Conceptual Design, Technology and Optimization of Subsonic Civil Airplanes","Egbert Torenbeek","102.96","Wiley","07/15/2013","436","0"
"1032","3335","993","9781118552537","Project Management Workbook and PMP / CAPM Exam Study Guide","Frank P. Saladis","65.42","Wiley","07/01/2013","544","9781118607787","Starting an Online Business For Dummies","Greg Holden","20.09","Wiley","07/10/2013","456","0"
"1035","3335","2945","9781118552537","Project Management Workbook and PMP / CAPM Exam Study Guide","Frank P. Saladis","65.42","Wiley","07/01/2013","544","9781118549360","Exploring Arduino: Tools and Techniques for Engineering Wizardry","Jeremy Blum","23.09","Wiley","07/22/2013","384","0"
"1037","3345","550","9781118061602","Fundamentals of Materials Science and Engineering: An Integrated Approach","William D. Callister","161.08","Wiley","05/22/2012","936","9781118281123","AutoCAD 2013 For Dummies","David Byrnes","22.3","Wiley","05/08/2012","592","0"
"1039","3345","1328","9781118061602","Fundamentals of Materials Science and Engineering: An Integrated Approach","William D. Callister","161.08","Wiley","05/22/2012","936","9781444332827","Fish Pathology","Ronald J. Roberts","238.03","Wiley","05/22/2012","590","0"
"1041","3345","2518","9781118061602","Fundamentals of Materials Science and Engineering: An Integrated Approach","William D. Callister","161.08","Wiley","05/22/2012","936","9781118204122","iOS Hacker's Handbook","Dion Blazakis","33.06","Wiley","05/08/2012","408","0"
"1042","3345","2577","9781118061602","Fundamentals of Materials Science and Engineering: An Integrated Approach","William D. Callister","161.08","Wiley","05/22/2012","936","9781118130568","Introducing Autodesk Maya 2013","Dariush Derakhshani","36.99","Wiley","05/01/2012","648","0"
"1045","3361","452","9780470721445","Geographic Information Systems and Science","Mike Goodchild","110.75","Wiley","08/09/2010","560","9780470695067","RFID Handbook: Fundamentals and Applications in Contactless Smart Cards, Radio Frequency Identification and Near-Field Communication, Third Edition","Klaus Finkenzeller","132.36","Wiley","08/16/2010","478","0"
"1049","3361","2142","9780470721445","Geographic Information Systems and Science","Mike Goodchild","110.75","Wiley","08/09/2010","560","9780470879504","Olympus PEN E-PL1 For Dummies","Julie Adair King","21.43","Wiley","08/09/2010","352","0"
"1051","3361","2796","9780470721445","Geographic Information Systems and Science","Mike Goodchild","110.75","Wiley","08/09/2010","560","9780470635490","Trust Agents: Using the Web to Build Influence, Improve Reputation, and Earn Trust","Chris Brogan","12.09","Wiley","08/23/2010","320","0"
"1053","3362","910","9781118880364","AutoCAD 2015 and AutoCAD LT 2015 Bible","Ellen Finkelstein","39.01","Wiley","09/02/2014","1296","9781118503218","HSPA+ Evolution to Release 12: Performance and Optimization","Harri Holma (Editor)","102.35","Wiley","09/15/2014","464","0"
"1054","3362","1299","9781118880364","AutoCAD 2015 and AutoCAD LT 2015 Bible","Ellen Finkelstein","39.01","Wiley","09/02/2014","1296","9781118749920","Applied Mathematics for Science and Engineering","Larry A. Glasgow","100.05","Wiley","09/15/2014","256","0"
"1058","3364","758","9780470648209","The PDMA Handbook of New Product Development","Kenneth B. Kahn","103.75","Wiley","12/26/2012","504","9781118314418","Beginning Visual C# 2012 Programming","Karli Watson","30.05","Wiley","12/26/2012","912","0"
"1059","3364","1172","9780470648209","The PDMA Handbook of New Product Development","Kenneth B. Kahn","103.75","Wiley","12/26/2012","504","9781118356395","QuickBooks 2013 All-in-One For Dummies","Stephen L. Nelson","21.97","Wiley","12/10/2012","624","0"
"1061","3364","1537","9780470648209","The PDMA Handbook of New Product Development","Kenneth B. Kahn","103.75","Wiley","12/26/2012","504","9781118529331","Apple TV Portable Genius","Guy Hart-Davis","22.05","Wiley","12/26/2012","288","0"
"1065","3388","77","9781118741498","Environmental Engineering: Fundamentals, Sustainability, Design","James R. Mihelcic","190.42","Wiley","01/13/2014","704","9781118779606","Day Trading For Dummies","Ann C. Logue","16.59","Wiley","01/28/2014","360","0"
"1066","3388","798","9781118741498","Environmental Engineering: Fundamentals, Sustainability, Design","James R. Mihelcic","190.42","Wiley","01/13/2014","704","9781118617618","Architecting the Cloud: Design Decisions for Cloud Computing Service Models (SaaS, PaaS, and IaaS)","Michael J. Kavis","35.53","Wiley","01/28/2014","224","0"
"1069","3388","1955","9781118741498","Environmental Engineering: Fundamentals, Sustainability, Design","James R. Mihelcic","190.42","Wiley","01/13/2014","704","9781118423868","Advanced Composite Materials for Automotive Applications: Structural Integrity and Crashworthiness","Ahmed Elmarakbi","117.89","Wiley","01/07/2014","470","0"
"1070","3390","443","9780831134761","Metalworking: Doing It Better","Tom Lipton","25.0","Industrial Press, Inc.","10/18/2013","220","9780831134846","AutoCAD Pocket Reference","Shrock","20.37","Industrial Press, Inc.","10/04/2013","350","0"
"1071","3409","762","9780470444030","Unified Design of Steel Structures","Louis F. Geschwindner","122.2","Wiley","12/20/2011","540","9781118027707","Android Application Development All-in-One For Dummies","Barry Burd","25.81","Wiley","12/20/2011","672","0"
"1073","3409","1941","9780470444030","Unified Design of Steel Structures","Louis F. Geschwindner","122.2","Wiley","12/20/2011","540","9781118096147","The Internet For Dummies","John R. Levine","16.61","Wiley","12/06/2011","408","0"
"1076","3409","3040","9780470444030","Unified Design of Steel Structures","Louis F. Geschwindner","122.2","Wiley","12/20/2011","540","9781118091197","QuickBooks 2012 All-in-One For Dummies","Stephen L. Nelson","25.15","Wiley","12/27/2011","648","0"
"1079","3416","1465","9780470505335","Construction Project Scheduling and Control","Saleh A. Mubarak","85.16","Wiley","06/21/2010","480","9780470607466","Adobe Creative Suite 5 Design Premium All-in-One For Dummies","Jennifer Smith","26.59","Wiley","06/28/2010","1008","0"
"1080","3416","2659","9780470505335","Construction Project Scheduling and Control","Saleh A. Mubarak","85.16","Wiley","06/21/2010","480","9780470577769","Excel 2010 Visual Quick Tips","Paul McFedries","15.49","Wiley","06/28/2010","304","0"
"1082","3421","2252","9780486411811","The Finite Element Method: Linear Static and Dynamic Finite Element Analysis (Dover Civil and Mechanical Engineering)","Thomas J. R. Hughes","19.5","Dover Publications","08/16/2000","672","9780486411811","Finite Element Method: Linear Static and Dynamic Finite Element Analysis","Thomas J. R. Hughes","0.0","Dover Publications","08/16/2000","672","1"
"1088","3433","1134","9780470528389","Handbook of Human Factors and Ergonomics","Gavriel Salvendy","237.76","Wiley","03/13/2012","1752","9780470582084","Thousands of Images, Now What: Painlessly Organize, Save, and Back Up Your Digital Photos","Mike Hagen","19.59","Wiley","03/27/2012","224","0"
"1089","3433","1525","9780470528389","Handbook of Human Factors and Ergonomics","Gavriel Salvendy","237.76","Wiley","03/13/2012","1752","9781118194492","Social Media Marketing: An Hour a Day","Dave Evans","0.0","Wiley","03/13/2012","432","0"
"1090","3445","928","9780495668251","A First Course in the Finite Element Method","Daryl L. Logan","159.54","Cengage Learning","01/01/2011","976","9781111530532","Java Programming: From Problem Analysis to Program Design","D. S. Malik","0.0","Cengage Learning","01/26/2011","1072","0"
"1097","3466","1537","9780470259610","Engineering and Chemical Thermodynamics","Milo D. Koretsky","211.31","Wiley","12/17/2012","704","9781118529331","Apple TV Portable Genius","Guy Hart-Davis","22.05","Wiley","12/26/2012","288","0"
